title,variant,price,imgUrl,link,l1,l2,inviteId,modelId,final_1688_link,price judge,update date,itemid,最大价格,tag,共有model数
2月化妆品热销第1批-包含眼影、高光、散粉、修容粉、腮红和唇膏的全套多功能彩妆套装,Estojo Completo de Maquiagem Multifuncional com Sombras Iluminador Pó Contorno Blush e Batom,11,https://cf.shopee.com.br/file/br-11134207-81z1k-mif3gmqeqxvqdd,http://shopee.com.br/product/1076540530/58252204411,美妆保健,化妆品,IVCN2026011944814,228796875893,http://shopee.com.br/product/1076540530/58252204411,P1,03-18发布,228796875893,11,类似款,1
2月化妆品热销第1批-Mari Maria Ginger 睫毛膏 - 棕色,Mari Maria Máscara de cílios Ginger Lash - Marrom,4.8,https://cf.shopee.com.br/file/br-11134207-81z1k-mi9484zvp2irdc,http://shopee.com.br/product/1457834892/58251929258,美妆保健,化妆品,IVCN2026011944828,139654074174,http://shopee.com.br/product/1457834892/58251929258,P1,03-18发布,139654074174,4.8,类似款,1
2月化妆品热销第1批-爱雨多功能彩妆盘,PALETA MULTIFUNCIONAL LOVÉ RAIN,14,https://cf.shopee.com.br/file/br-11134207-81z1k-mi0ogh25akn64f,http://shopee.com.br/product/340746999/58251655239,美妆保健,化妆品,IVCN2026011944832,189615529921,http://shopee.com.br/product/340746999/58251655239,P1,03-18发布,189615529921,14,类似款,1
2月化妆品热销第1批-Franciny Ehlke ChocoEyes 巧克力眼妆套装 - 巧克力色眼唇彩妆，完整套装 1,"Kit Franciny Ehlke ChocoEyes - Maquiagem Chocolate para Olhos e Lábios, Kit Completo 1",2.68,https://cf.shopee.com.br/file/sg-11134201-82277-mhkik9g128ecd2,http://shopee.com.br/product/1613984542/58251130397,美妆保健,化妆品,IVCN2026011944850,199182636528,http://shopee.com.br/product/1613984542/58251130397,P1,03-18发布,199182636528,2.68,100%同款,1
2月化妆品热销第1批-Boca Rosa眉毛定型凝胶睫毛膏 - 3克,Máscara Gel Para Sobrancelhas Boca Rosa Brow Lamination - 3g,0.97,https://cf.shopee.com.br/file/sg-11134201-81zwh-miesruk80qv435,http://shopee.com.br/product/397519267/58202173597,美妆保健,化妆品,IVCN2026011944886,219183462529,http://shopee.com.br/product/397519267/58202173597,P1,03-18发布,219183462529,0.97,(可接受类似款，但白名单有限，先提先得）,1
2月化妆品热销第1批-Koasis 12色裸色眼影盘 - 哑光/珠光妆效 - 可可色和榛子色,12 Cores,27,https://cf.shopee.com.br/file/br-11134207-81z1k-miny273qnls2c6,http://shopee.com.br/product/1274374088/58201190586,美妆保健,化妆品,IVCN2026011944918,238796684667,http://shopee.com.br/product/1274374088/58201190586,P1,03-18发布,238796684667,27,类似款,1
2月化妆品热销第1批-定型凝胶大师 8ml 睫毛提升胶 睫毛粘合剂 睫毛垫 持久强化,FIXING GEL,2.7,https://cf.shopee.com.br/file/sg-11134201-821gg-mgwm6w3u6m8f3c,http://shopee.com.br/product/315662317/58200500789,美妆保健,化妆品,IVCN2026011944937,239432034875,http://shopee.com.br/product/315662317/58200500789,P1,03-18发布,239432034875,2.7,类似款,1
2月化妆品热销第1批-BWIH D0VG 细纹修护粉，适用于头发护理化妆品,Escuro Castanho,11.09,https://cf.shopee.com.br/file/sg-11134201-8259h-mgaiahy7eej134,http://shopee.com.br/product/1589748676/56700174437,美妆保健,化妆品,IVCN2026011944979,445017520374,http://shopee.com.br/product/1589748676/56700174437,P1,03-18发布,445017520374,11.09,类似款,1
2月化妆品热销第1批-[日期 2027年12月19日] I’M MEME 隐藏卡盘 10色眼影腮红盘 8克（韩国）,002 LOVE CARD,2.98,https://cf.shopee.vn/file/vn-11134207-820l4-mhrb4a8gpjpcb6,http://shopee.vn/product/471823990/54352439373,美妆保健,化妆品,IVCN2026011945046,282220039307,http://shopee.vn/product/471823990/54352439373,P1,03-18发布,282220039307,2.98,100%同款,1
2月化妆品热销第1批-Mona眼影盘 - 12色，超级顺滑，色彩纯正，多种流行色调,Sun Mood,6,https://cf.shopee.vn/file/vn-11134207-820l4-mgd3ww7yqvih7c,http://shopee.vn/product/22458198/53550269414,美妆保健,化妆品,IVCN2026011945081,410025157042,http://shopee.vn/product/22458198/53550269414,P1,03-18发布,410025157042,6,(可接受类似款，但白名单有限，先提先得）,1
2月化妆品热销第1批-Mona眼影盘 - 12色，超级顺滑，色彩纯正，多种流行色调,Pink Mood,6,https://cf.shopee.vn/file/vn-11134207-820l4-mgd3ww7yqvih7c,http://shopee.vn/product/22458198/53550269414,美妆保健,化妆品,IVCN2026011945081,410025157043,http://shopee.vn/product/22458198/53550269414,P1,03-18发布,410025157043,6,100%同款,1
2月化妆品热销第1批-Mona眼影盘 - 12色，超级顺滑，色彩纯正，多种流行色调,Diamond Mood,6,https://cf.shopee.vn/file/vn-11134207-820l4-mgd3ww7yqvih7c,http://shopee.vn/product/22458198/53550269414,美妆保健,化妆品,IVCN2026011945081,410025157044,http://shopee.vn/product/22458198/53550269414,P1,03-18发布,410025157044,6,(可接受类似款，但白名单有限，先提先得）,1
2月化妆品热销第1批-Mona眼影盘 - 12色，超级顺滑，色彩纯正，多种流行色调,Charming Mood,6,https://cf.shopee.vn/file/vn-11134207-820l4-mgd3ww7yqvih7c,http://shopee.vn/product/22458198/53550269414,美妆保健,化妆品,IVCN2026011945081,410025157046,http://shopee.vn/product/22458198/53550269414,P1,03-18发布,410025157046,6,类似款,1
2月化妆品热销第1批-Make B. 极致浓密睫毛膏 5g - 迷你（适合化妆包/旅行包）O Boticário,Máscara de Cílios Make B. Volume Extremo 5g - Mini ( Ideal Para Necesserie/Mala Viagem) O Boticário,2.21,https://cf.shopee.com.br/file/br-11134207-81z1k-mgp34q13tb0kd4,http://shopee.com.br/product/545663373/52800859624,美妆保健,化妆品,IVCN2026011945102,282127928888,http://shopee.com.br/product/545663373/52800859624,P1,03-18发布,282127928888,2.21,类似款,1
2月化妆品热销第1批-Mona 防水超细眼线笔,Đen 01 ( Chì Vặn),4.2,https://cf.shopee.vn/file/vn-11134207-820l4-mgv6kmgo38y048,http://shopee.vn/product/4842566/52401070750,美妆保健,化妆品,IVCN2026011945108,380097320086,http://shopee.vn/product/4842566/52401070750,P1,03-18发布,380097320086,4.2,类似款,1
2月化妆品热销第1批-Mona 防水超细眼线笔,Nâu 02 ( Chì Vặn),4.2,https://cf.shopee.vn/file/vn-11134207-820l4-mgv6kmgo38y048,http://shopee.vn/product/4842566/52401070750,美妆保健,化妆品,IVCN2026011945108,380097320087,http://shopee.vn/product/4842566/52401070750,P1,03-18发布,380097320087,4.2,类似款,1
2月化妆品热销第1批-Mona 自然持久眼线液是一款液体眼线液，可打造清晰自然的线条，并且防晕染、持久不脱妆。,01 Đen,0.55,https://cf.shopee.vn/file/vn-11134207-820l4-mgdhkk89i96z5c,http://shopee.vn/product/22458198/52250300291,美妆保健,化妆品,IVCN2026011945113,355027245268,http://shopee.vn/product/22458198/52250300291,P1,03-18发布,355027245268,0.55,类似款,1
2月化妆品热销第1批-Qianyan Cheeryep 16色自然色眼影盘，色调丰富，哑光和珠光质地兼备，显色度极佳（正品进口）,#06 Vỏ Hồng,8.8,https://cf.shopee.vn/file/vn-11134207-820l4-mi7vffdv943n2d,http://shopee.vn/product/58282982/50403048008,美妆保健,化妆品,IVCN2026011945160,315294876199,http://shopee.vn/product/58282982/50403048008,P1,03-18发布,315294876199,8.8,100%同款,1
2月化妆品热销第1批-Qianyan Cheeryep 16色自然色眼影盘，色调丰富，哑光和珠光质地兼备，显色度极佳（正品进口）,#07 Vỏ Bạc,8.8,https://cf.shopee.vn/file/vn-11134207-820l4-mi7vffdv943n2d,http://shopee.vn/product/58282982/50403048008,美妆保健,化妆品,IVCN2026011945160,315294876200,http://shopee.vn/product/58282982/50403048008,P1,03-18发布,315294876200,8.8,(可接受类似款，但白名单有限，先提先得）,1
2月化妆品热销第1批-最便宜的ROHINA睫毛膏所有版本（现货）,MASKARA MINI(OREN),7.15,https://cf.shopee.com.my/file/my-11134207-820lc-mguw96n6w5xqf3,http://shopee.com.my/product/1670984496/50151064120,美妆保健,化妆品,IVCN2026011945170,138444996505,http://shopee.com.my/product/1670984496/50151064120,P1,03-18发布,138444996505,7.15,100%同款,1
2月化妆品热销第1批-HOLD LIVE 16色眼影盘。珠光和哑光色调。多功能。柔滑细腻。自然持久。,H02🔥,3.2,https://cf.shopee.vn/file/vn-11134207-820l4-mgothgp8rpxo2b,http://shopee.vn/product/1609208243/49250854831,美妆保健,化妆品,IVCN2026011945183,435076674671,http://shopee.vn/product/1609208243/49250854831,P1,03-18发布,435076674671,3.2,(可接受类似款，但白名单有限，先提先得）,1
2月化妆品热销第1批-【买一送一】正品💯ROHINA睫毛膏2024版 + 赠送迷你绿色睫毛膏,{BUY 1 FREE 1} ORIGINAL 💯MASKARA ROHINA EDISI RAYA 2024 + FREE MASKARA MINI HIJAU,9,https://cf.shopee.com.my/file/my-11134207-820lh-mgxuna3c8nbc01,http://shopee.com.my/product/1670984496/49151203954,美妆保健,化妆品,IVCN2026011945188,380107479792,http://shopee.com.my/product/1670984496/49151203954,P1,03-18发布,380107479792,9,100%同款,1
2月化妆品热销第1批-Vult丰盈睫毛膏 10克 纯素 持久浓密 防晕染,Máscara de Cílios Vult Volume Up 10g Vegana Longa Duração Volume Intenso Não Borra,3.16,https://cf.shopee.com.br/file/br-11134207-81z1k-mgrt49lb2xaff2,http://shopee.com.br/product/342087194/48701002196,美妆保健,化妆品,IVCN2026011945203,380088256060,http://shopee.com.br/product/342087194/48701002196,P1,03-18发布,380088256060,3.16,(可接受类似款，但白名单有限，先提先得）,1
2月化妆品热销第1批-Revecen 眼影 3.1g 可用于提亮、修容，质地超级顺滑，持久显色。,#001 Ivory,7,https://cf.shopee.vn/file/vn-11134207-820l4-miwjft9kju9v33,http://shopee.vn/product/1038173873/48302461815,美妆保健,化妆品,IVCN2026011945215,297301408589,http://shopee.vn/product/1038173873/48302461815,P1,03-18发布,297301408589,7,100%同款,1
2月化妆品热销第1批-5D眼线笔：遮盖瑕疵，打造3D立体轮廓，令双眸更大、更明亮、更闪耀。,#03 + #04,3.8,https://cf.shopee.vn/file/sg-11134201-82255-mhd5fq9qreh967,http://shopee.vn/product/1546476718/48301970001,美妆保健,化妆品,IVCN2026011945218,395356413355,http://shopee.vn/product/1546476718/48301970001,P1,03-18发布,395356413355,3.8,(可接受类似款，但白名单有限，先提先得）,1
2月化妆品热销第1批-【买一送一】ROHINA 双效睫毛膏 2024 赠送迷你睫毛膏（绿色）正品💯,[BELI 1 PERCUMA 1] ROHINA MASCARA TWO STEP 2024 FOC MASCARA MINI (HIJAU) ORIGINAL 💯,11.52,https://cf.shopee.com.my/file/my-11134207-820le-mhm0qv3dkbgo17,http://shopee.com.my/product/1682326312/47902310750,美妆保健,化妆品,IVCN2026011945222,267211128552,http://shopee.com.my/product/1682326312/47902310750,P1,03-18发布,267211128552,11.52,100%同款,1
2月化妆品热销第1批-Jung Saem Mool 艺术家眼影盘,Red Brown,58,https://cf.shopee.vn/file/vn-11134207-820l4-mi3418wizri878,http://shopee.vn/product/8279106/46602910576,美妆保健,化妆品,IVCN2026011945261,415278072289,http://shopee.vn/product/8279106/46602910576,P1,03-18发布,415278072289,58,(可接受类似款，但白名单有限，先提先得）,1
2月化妆品热销第1批-ROCK SWEET 眉毛定型膏 3.5g 防水哑光凝胶眉毛定型膏，24 小时持久显色 | BLINK BEAUTY,NÂU HỒNG 03,5.27,https://cf.shopee.vn/file/vn-11134207-820l4-mgxh468s5gqw4b,http://shopee.vn/product/1670869477/45501189554,美妆保健,化妆品,IVCN2026011945290,262144249328,http://shopee.vn/product/1670869477/45501189554,P1,03-18发布,262144249328,5.27,类似款,1
2月化妆品热销第1批-LESSXCOCO 广角长卷翘睫毛膏，防水防汗，不易晕染，打造持久定型,3 Support,3,https://cf.shopee.com.my/file/my-11134207-820l6-mfjg4vrareh88a,http://shopee.com.my/product/1573833315/43773078841,美妆保健,化妆品,IVCN2026011945348,425356507328,http://shopee.com.my/product/1573833315/43773078841,P1,03-18发布,425356507328,3,类似款,1
2月化妆品热销第1批-Oukeya 眉胶染眉膏防水，可保持24小时不掉色。它能打造自然眉妆效果，即使是新手也能轻松上手。,#01 Olive Brown,3.1,https://cf.shopee.vn/file/vn-11134207-820l4-mentg9yn4iyoa7,http://shopee.vn/product/1432698855/43168515809,美妆保健,化妆品,IVCN2026011945409,271519605029,http://shopee.vn/product/1432698855/43168515809,P1,03-18发布,271519605029,3.1,类似款,1
2月化妆品热销第1批-1毫米1分钟奇迹睫毛膏，赠送卷睫毛器,1MM 1MINUTE MIRACLE MASCARA FREE CURLER,15.63,https://cf.shopee.com.my/file/my-11134207-820li-mfwphjofaw3ue5,http://shopee.com.my/product/1651342171/42424535813,美妆保健,化妆品,IVCN2026011945467,281990179900,http://shopee.com.my/product/1651342171/42424535813,P1,03-18发布,281990179900,15.63,类似款,1
2月化妆品热销第1批-【热销】千燕 Cheeryep 16色自然色眼影盘，多种色调，哑光和珠光质地 - SHUSHU COSMETICS,13 Xanh Nude,53.63,https://cf.shopee.vn/file/vn-11134207-820l4-mezyf1kevqxba9,http://shopee.vn/product/560055564/42406526773,美妆保健,化妆品,IVCN2026011945474,275894971657,http://shopee.vn/product/560055564/42406526773,P1,03-18发布,275894971657,53.63,类似款,1
2月化妆品热销第1批-千燕 CHEERYEP NAMI 特别版眼影盘 - 16 色珠光和哑光眼影，持久显色,#17 NAMI Nâu,8.8,https://cf.shopee.vn/file/vn-11134207-820l4-mhpz34yz8pvs98,http://shopee.vn/product/479890344/42326899275,美妆保健,化妆品,IVCN2026011945480,440231996828,http://shopee.vn/product/479890344/42326899275,P1,03-18发布,440231996828,8.8,100%同款,1
2月化妆品热销第1批-【买一送一】BIYA 新款超细液体眉笔 防水持久水润眉笔,Gray-Brown*2,5.85,https://cf.shopee.ph/file/ph-11134207-81ztc-mdzqbuoc6arodd,http://shopee.ph/product/1285276193/42315439889,美妆保健,化妆品,IVCN2026011945487,271291240519,http://shopee.ph/product/1285276193/42315439889,P1,03-18发布,271291240519,5.85,(可接受类似款，但白名单有限，先提先得）,1
2月化妆品热销第1批-【买一送一】BIYA 新款超细液体眉笔 防水持久水润眉笔,101 # Gray Brown,2.33,https://cf.shopee.ph/file/ph-11134207-81ztc-mdzqbuoc6arodd,http://shopee.ph/product/1285276193/42315439889,美妆保健,化妆品,IVCN2026011945487,301273984044,http://shopee.ph/product/1285276193/42315439889,P1,03-18发布,301273984044,2.33,类似款,1
2月化妆品热销第1批-超细眼线笔 - 打造更浓密的下睫毛，持久防水，防晕染，易于涂抹。,​​Màu đen - 1 cây,2.8,https://cf.shopee.vn/file/sg-11134201-7rauu-makwiket8hrnbc,http://shopee.vn/product/1526502877/42303168711,美妆保健,化妆品,IVCN2026011945493,218542141434,http://shopee.vn/product/1526502877/42303168711,P1,03-18发布,218542141434,2.8,100%同款,1
2月化妆品热销第1批-【赠品】FOXCUP 防水睫毛膏 持久防晕染 蒸发配方,01 + Dụng cụ uốn mi + Khăn lau,14.29,https://cf.shopee.vn/file/cn-11134207-820l4-mh1bvenmqgi108,http://shopee.vn/product/1610127473/41563898485,美妆保健,化妆品,IVCN2026011945541,286147995772,http://shopee.vn/product/1610127473/41563898485,P1,03-18发布,286147995772,14.29,(可接受类似款，但白名单有限，先提先得）,1
2月化妆品热销第1批-K'APEINE 四色遮瑕膏，高光泽乳霜，均匀肤色乳霜，可与散粉、眼影和粉底液搭配使用的妆前乳。,01#,1.85,https://cf.shopee.vn/file/sg-11134201-822xo-mi171ocs6ygy4a,http://shopee.vn/product/1663407139/41277106283,美妆保健,化妆品,IVCN2026011945573,440270286942,http://shopee.vn/product/1663407139/41277106283,P1,03-18发布,440270286942,1.85,类似款,1
2月化妆品热销第1批-（赠送化妆刷）千燕 Cheeryep 自然色彩明星眼影盘，16 种不同色调，珠光和哑光质地，16 克,#CBB773: 06+12,135.5,https://cf.shopee.vn/file/vn-11134207-820l4-mgz2tf3559fydc,http://shopee.vn/product/1019872850/41200106570,美妆保健,化妆品,IVCN2026011945585,206334715953,http://shopee.vn/product/1019872850/41200106570,P1,03-18发布,206334715953,135.5,100%同款,1
2月化妆品热销第1批-伊蒂之屋 Pang Pang 遮盖发根发影粉 3.5克,3 Natural Black,3,https://cf.shopee.vn/file/vn-11134207-820l4-mg33nx9mvrpl45,http://shopee.vn/product/358037776/40813910477,美妆保健,化妆品,IVCN2026011945599,177272954709,http://shopee.vn/product/358037776/40813910477,P1,03-18发布,177272954709,3,(可接受类似款，但白名单有限，先提先得）,1
2月化妆品热销第1批-R ROCK SWEET ROCK 甜心节奏狂想曲五色眼影盘 晕染 蚕丝 四合一哑光珠光烟熏大地色系彩妆,05 # (Đỏ nâu Terracotta),16.74,https://cf.shopee.vn/file/sg-11134201-7rdx0-mcn8h839gfpvd4,http://shopee.vn/product/139608112/40760431697,美妆保健,化妆品,IVCN2026011945607,260877079757,http://shopee.vn/product/139608112/40760431697,P1,03-18发布,260877079757,16.74,类似款,1
2月化妆品热销第1批-JUDYDOLL 防水眼线液 持久眼线液 纤细眼线液 极致顺滑 防水防汗 自然棕色眼线液 眼妆,#01 Đen,2.99,https://cf.shopee.vn/file/sg-11134201-7rdxt-mdeesc76pa398e,http://shopee.vn/product/1016866585/40413813299,美妆保健,化妆品,IVCN2026011945629,286141607966,http://shopee.vn/product/1016866585/40413813299,P1,03-18发布,286141607966,2.99,100%同款,1
2月化妆品热销第1批-【全彩】Cheeryep QIANYAN 自然色系明星眼影盘，16种不同色调，珠光和哑光质地，持久显色，16克,#12 + 4 cọ OVW,14.95,https://cf.shopee.vn/file/vn-11134207-820l4-me1jhcotof7n44,http://shopee.vn/product/1087451411/40355283103,美妆保健,化妆品,IVCN2026011945636,243628499490,http://shopee.vn/product/1087451411/40355283103,P1,03-18发布,243628499490,14.95,(可接受类似款，但白名单有限，先提先得）,1
2月化妆品热销第1批-【全彩】Cheeryep QIANYAN 自然色系明星眼影盘，16种不同色调，珠光和哑光质地，持久显色，16克,11 Nâu lạnh(vỏ vàng),14.95,https://cf.shopee.vn/file/vn-11134207-820l4-me1jhcotof7n44,http://shopee.vn/product/1087451411/40355283103,美妆保健,化妆品,IVCN2026011945636,243640016587,http://shopee.vn/product/1087451411/40355283103,P1,03-18发布,243640016587,14.95,类似款,1
2月化妆品热销第1批-Judydoll 丰盈卷翘睫毛膏 2克 - 持久定型12小时 - 有效防止睫毛结块,#01,9.85,https://cf.shopee.vn/file/vn-11134207-820l4-mh603x8xhafj02,http://shopee.vn/product/1669943719/40226480902,美妆保健,化妆品,IVCN2026011945642,249089454917,http://shopee.vn/product/1669943719/40226480902,P1,03-18发布,249089454917,9.85,类似款,1
2月化妆品热销第1批-【正品】千言 Cheeryep 真彩 16 色眼影盘,06 Hồng (VER II),58.43,https://cf.shopee.vn/file/vn-11134207-7ras8-m0mjxajjwbyn93,http://shopee.vn/product/1084178/28812404676,美妆保健,化妆品,IVCN2026011945745,118515518791,http://shopee.vn/product/1084178/28812404676,P1,03-18发布,118515518791,58.43,100%同款,1
2月化妆品热销第1批-Rohina 睫毛膏黄金版 |罗希纳开斋节版 | Rohina 迷你版 |原总部,RAYA EDISI,2.3,https://cf.shopee.com.my/file/my-11134207-7r98y-lxnqmeawmmay0a,http://shopee.com.my/product/948355843/27855241053,美妆保健,化妆品,IVCN2026011945830,260285382164,http://shopee.com.my/product/948355843/27855241053,P1,03-18发布,260285382164,2.3,(可接受类似款，但白名单有限，先提先得）,1
2月化妆品热销第1批-[ODBO] Odbo 眼影盘，可爱配色，适合上学和上班 OD2014 - 泰国 货号 82,#02 Hồng nâu(HOT),6.98,https://cf.shopee.vn/file/vn-11134207-820l4-mgqn20cl52bsb9,http://shopee.vn/product/60771462/26980463437,美妆保健,化妆品,IVCN2026011945927,257959389176,http://shopee.vn/product/60771462/26980463437,P1,03-18发布,257959389176,6.98,100%同款,1
2月化妆品热销第1批-ROHINA 睫毛膏/睫毛夹钻石版 | 双效睫毛夹睫毛膏 原装正品,Mascara DIAMOND,2.3,https://cf.shopee.com.my/file/sg-11134201-81zue-mizdqj867nczc3,http://shopee.com.my/product/1521095654/26493908593,美妆保健,化妆品,IVCN2026011945958,430369088738,http://shopee.com.my/product/1521095654/26493908593,P1,03-18发布,430369088738,2.3,(可接受类似款，但白名单有限，先提先得）,1
2月化妆品热销第1批-三色眼影棒 3合1防水眼影笔 防汗闪光渐变眼影笔,"02#Pearly Earth,3.5g",3.2,https://cf.shopee.ph/file/sg-11134201-7rblf-m5y1dgwfyuz2eb,http://shopee.ph/product/991806958/26425400116,美妆保健,化妆品,IVCN2026011945966,188196030456,http://shopee.ph/product/991806958/26425400116,P1,03-18发布,188196030456,3.2,类似款,1
2月化妆品热销第1批-三色眼影棒 3合1防水眼影笔 防汗闪光渐变眼影笔,"01#+#02,3.5g",6.4,https://cf.shopee.ph/file/sg-11134201-7rblf-m5y1dgwfyuz2eb,http://shopee.ph/product/991806958/26425400116,美妆保健,化妆品,IVCN2026011945966,188196030457,http://shopee.ph/product/991806958/26425400116,P1,03-18发布,188196030457,6.4,类似款,1
2月化妆品热销第1批-三色眼影棒 3合1防水眼影笔 防汗闪光渐变眼影笔,"03#+04#,3.5g",6.4,https://cf.shopee.ph/file/sg-11134201-7rblf-m5y1dgwfyuz2eb,http://shopee.ph/product/991806958/26425400116,美妆保健,化妆品,IVCN2026011945966,188196030459,http://shopee.ph/product/991806958/26425400116,P1,03-18发布,188196030459,6.4,100%同款,1
2月化妆品热销第1批-三色眼影棒 3合1防水眼影笔 防汗闪光渐变眼影笔,"#02*2,3.5g",6.4,https://cf.shopee.ph/file/sg-11134201-7rblf-m5y1dgwfyuz2eb,http://shopee.ph/product/991806958/26425400116,美妆保健,化妆品,IVCN2026011945966,188196030466,http://shopee.ph/product/991806958/26425400116,P1,03-18发布,188196030466,6.4,(可接受类似款，但白名单有限，先提先得）,1
2月化妆品热销第1批-KABEINA 液体眼线笔 - 一笔即可勾勒完美眼线，防晕染，持久显色 - 打造精致眼型。,nâu đậm #02,3.5,https://cf.shopee.vn/file/vn-11134207-7ras8-mcn1p96wblp8be,http://shopee.vn/product/1589234439/26089232706,美妆保健,化妆品,IVCN2026011946003,275875020554,http://shopee.vn/product/1589234439/26089232706,P1,03-18发布,275875020554,3.5,100%同款,1
2月化妆品热销第1批-Rohina 睫毛膏 / RAYA 版 2024 / 刷子 / 钻石版,Diamond Edition,2.3,https://cf.shopee.com.my/file/my-11134207-820l8-mizdipan04xx7d,http://shopee.com.my/product/391611011/25871289897,美妆保健,化妆品,IVCN2026011946022,272304429048,http://shopee.com.my/product/391611011/25871289897,P1,03-18发布,272304429048,2.3,(可接受类似款，但白名单有限，先提先得）,1
2月化妆品热销第1批-香日华眼影盘，哑光多用途圆盘,01#,30.97,https://cf.shopee.vn/file/sg-11134201-7rd6o-m7hgco6gj5205c,http://shopee.vn/product/691914624/24742811061,美妆保健,化妆品,IVCN2026011946101,242921064900,http://shopee.vn/product/691914624/24742811061,P1,03-18发布,242921064900,30.97,100%同款,1
2月化妆品热销第1批-MakeUp By Mario Master Mattes The Neutrals Eyeshadow Palette,Bảng phấn mắt MakeUp By Mario Master Mattes The Neutrals,8,https://cf.shopee.vn/file/vn-11134207-7r98o-ltf4t5hqcx6y55,http://shopee.vn/product/63867146/24721392856,美妆保健,化妆品,IVCN2026011946110,207401451735,http://shopee.vn/product/63867146/24721392856,P1,03-18发布,207401451735,8,(可接受类似款，但白名单有限，先提先得）,1
2月化妆品热销第1批-【千燕】千燕 Cheeryep 16色眼影盘，多种颜色，珠光和哑光质地，13克,14,4.8,https://cf.shopee.vn/file/vn-11134207-7ra0g-m8q2nipdb5vr6d,http://shopee.vn/product/181585286/24444233466,美妆保健,化妆品,IVCN2026011946129,147803120708,http://shopee.vn/product/181585286/24444233466,P1,03-18发布,147803120708,4.8,100%同款,1
2月化妆品热销第1批-【千燕】千燕 Cheeryep 16色眼影盘，多种颜色，珠光和哑光质地，13克,16,4.8,https://cf.shopee.vn/file/vn-11134207-7ra0g-m8q2nipdb5vr6d,http://shopee.vn/product/181585286/24444233466,美妆保健,化妆品,IVCN2026011946129,340299534223,http://shopee.vn/product/181585286/24444233466,P1,03-18发布,340299534223,4.8,(可接受类似款，但白名单有限，先提先得）,1
2月化妆品热销第1批-Nong Chat Browit 柔滑纤细内眼线笔 - 防晕染、持久、妆效持久,ALMOND BROWN,2,https://cf.shopee.vn/file/vn-11134207-820l4-melb3dvy5xqbde,http://shopee.vn/product/1202559980/24122760795,美妆保健,化妆品,IVCN2026011946145,246586200727,http://shopee.vn/product/1202559980/24122760795,P1,03-18发布,246586200727,2,类似款,1
2月化妆品热销第1批-防水防晕染睫毛膏，持妆超过8小时（附赠睫毛夹）,Mascara Kháng Nước Không Lem Không Trôi Giữ Nếp Trên 8h (Tặng 1 Kẹp Bấm Mi),14.08,https://cf.shopee.vn/file/vn-11134207-7ras8-m1e26f24f4m454,http://shopee.vn/product/991468207/24087086023,美妆保健,化妆品,IVCN2026011946151,236878785488,http://shopee.vn/product/991468207/24087086023,P1,03-18发布,236878785488,14.08,类似款,1
2月化妆品热销第1批-泰国Nongchat Browit睫毛膏 - 浓密纤长睫毛 - 专业彩妆产品,Mascara xanh dương,7.21,https://cf.shopee.vn/file/sg-11134201-7rbk9-lpt7jq9jxlhjb0,http://shopee.vn/product/1136077602/24005510690,美妆保健,化妆品,IVCN2026011946157,222411729437,http://shopee.vn/product/1136077602/24005510690,P1,03-18发布,222411729437,7.21,类似款,1
2月化妆品热销第1批-我爱极致浓密睫毛膏,MÁSCARA DE CÍLIOS I LOVE EXTREME CRAZY VOLUME ESSENCE,0.98,https://cf.shopee.com.br/file/sg-11134201-821fb-mgs4ct1tbpqmd1,http://shopee.com.br/product/1657381845/23794651293,美妆保健,化妆品,IVCN2026011946193,199614091975,http://shopee.com.br/product/1657381845/23794651293,P1,03-18发布,199614091975,0.98,类似款,1
2月化妆品热销第1批-6支装 Niraj 眉部修护精华液（8毫升，玫瑰芦荟澳洲坚果油）,Kit 6 Unidades Niraj Sérum Regenerador Pós Brow 8ml Rosa Com Aloe Vera e Macadâmia 8ML,73.72,https://cf.shopee.com.br/file/br-11134207-7r98o-m83xn0jhu2oh1a,http://shopee.com.br/product/485417896/23793864775,美妆保健,化妆品,IVCN2026011946197,179716188490,http://shopee.com.br/product/485417896/23793864775,P1,03-18发布,179716188490,73.72,类似款,1
2月化妆品热销第1批-Gella 的 Trobe 闪光凝胶眼影，打造惊艳妆容,03 (Bao bì mới),3.51,https://cf.shopee.vn/file/cn-11134207-7r98o-lmoqdgzacpus24,http://shopee.vn/product/804386455/23782920368,美妆保健,化妆品,IVCN2026011946199,187092133163,http://shopee.vn/product/804386455/23782920368,P1,03-18发布,187092133163,3.51,100%同款,1
2月化妆品热销第1批-Sivanna柔焦双眼影盘HF620多用途眼影盘,NO.1 ROSY CORAL,5.4,https://cf.shopee.vn/file/vn-11134207-7ras8-m5tpi5cbj4lfea,http://shopee.vn/product/280956580/23585328772,美妆保健,化妆品,IVCN2026011946233,137759311654,http://shopee.vn/product/280956580/23585328772,P1,03-18发布,137759311654,5.4,(可接受类似款，但白名单有限，先提先得）,1
2月化妆品热销第1批-Iron Works 微色素沉着颜料 5ml 深棕色 - 已获 ANVISA 批准，可立即发货,Pigmento Para Micropigmentação Iron Works 5ml Cor Castanho Escuro - Envio imediato Com Anvisa,1.25,https://cf.shopee.com.br/file/br-11134207-81z1k-mh2j3woioohx62,http://shopee.com.br/product/456761097/23494682783,美妆保健,化妆品,IVCN2026011946246,219182119447,http://shopee.com.br/product/456761097/23494682783,P1,03-18发布,219182119447,1.25,类似款,1
2月化妆品热销第1批-Oceane GLOSSY EDITION - 4色亮泽眼影盘,Oceane GLOSSY EDITION - 4 Palette Edition Paleta de Sombras Glossy,35.63,https://cf.shopee.com.br/file/br-11134207-81z1k-mi1p00cfi41te9,http://shopee.com.br/product/1401130828/23394667632,美妆保健,化妆品,IVCN2026011946265,239432020087,http://shopee.com.br/product/1401130828/23394667632,P1,03-18发布,239432020087,35.63,类似款,1
2月化妆品热销第1批-睫毛提升和眉毛定型步骤 1 + 步骤 2 Elevare Anvisa 20g,Passo 1 + Passo 2 Para Lash Lift E Brow Lamination Elevare Anvisa 20g,94.37,https://cf.shopee.com.br/file/sg-11134201-8259b-mge1unz65fkdf6,http://shopee.com.br/product/1662902619/23394631545,美妆保健,化妆品,IVCN2026011946267,169721905963,http://shopee.com.br/product/1662902619/23394631545,P1,03-18发布,169721905963,94.37,100%同款,1
2月化妆品热销第1批-一盒24支装 Melu Ruby Rose 眉毛定型凝胶 HB-F518,Box C/ 24 Unidades Do Gel Modelador para Sobrancelhas Melu Ruby Rose HB-F518,84,https://cf.shopee.com.br/file/sg-11134201-821d0-mgsltzw43mdm5a,http://shopee.com.br/product/1347491961/23194669812,美妆保健,化妆品,IVCN2026011946304,219181827580,http://shopee.com.br/product/1347491961/23194669812,P1,03-18发布,219181827580,84,(可接受类似款，但白名单有限，先提先得）,1
2月化妆品热销第1批-Kit Master Premium Passos 1 E 2 眉毛定型睫毛 15g Anvisa,Kit Master Premium Passos 1 E 2 Brow Lamination Lash 15g Anvisa,14,https://cf.shopee.com.br/file/sg-11134201-7ra1d-mbfo9qz2hhete5,http://shopee.com.br/product/366986332/23098668322,美妆保健,化妆品,IVCN2026011946318,189608908280,http://shopee.com.br/product/366986332/23098668322,P1,03-18发布,189608908280,14,100%同款,1
2月化妆品热销第1批-12支装或6支装Melu By Ruby Rose睫毛膏 – 浓密纤长型，黑色,"Challenge (Laranja),12UN",42,https://cf.shopee.com.br/file/sg-11134201-7rdxh-mdm698km2bc486,http://shopee.com.br/product/674234265/22994326789,美妆保健,化妆品,IVCN2026011946334,189610825244,http://shopee.com.br/product/674234265/22994326789,P1,03-18发布,189610825244,42,(可接受类似款，但白名单有限，先提先得）,1
2月化妆品热销第1批-Mari Maria 睫毛膏 - 5克,Máscara de Cílios - Lash UP Mari Maria Makeup 5g,1,https://cf.shopee.com.br/file/sg-11134201-8259s-mfu2bj37jaq330,http://shopee.com.br/product/1650342934/22794534396,美妆保健,化妆品,IVCN2026011946367,209180633668,http://shopee.com.br/product/1650342934/22794534396,P1,03-18发布,209180633668,1,100%同款,1
2月化妆品热销第1批-无熊猫纯素睫毛膏（无熊猫、无熊猫棕色、大号无熊猫）,No Panda,4.91,https://cf.shopee.com.br/file/br-11134207-81z1k-mg2iadzs7yth78,http://shopee.com.br/product/1083261458/22694553518,美妆保健,化妆品,IVCN2026011946375,189613322634,http://shopee.com.br/product/1083261458/22694553518,P1,03-18发布,189613322634,4.91,(可接受类似款，但白名单有限，先提先得）,1
2月化妆品热销第1批-无熊猫纯素睫毛膏（无熊猫、无熊猫棕色、大号无熊猫）,No Panda Brown,4.72,https://cf.shopee.com.br/file/br-11134207-81z1k-mg2iadzs7yth78,http://shopee.com.br/product/1083261458/22694553518,美妆保健,化妆品,IVCN2026011946375,189613322635,http://shopee.com.br/product/1083261458/22694553518,P1,03-18发布,189613322635,4.72,100%同款,1
2月化妆品热销第1批-无熊猫纯素睫毛膏（无熊猫、无熊猫棕色、大号无熊猫）,Big No Panda,4.56,https://cf.shopee.com.br/file/br-11134207-81z1k-mg2iadzs7yth78,http://shopee.com.br/product/1083261458/22694553518,美妆保健,化妆品,IVCN2026011946375,189613322636,http://shopee.com.br/product/1083261458/22694553518,P1,03-18发布,189613322636,4.56,(可接受类似款，但白名单有限，先提先得）,1
2月化妆品热销第1批-3支装 Cilios 撕拉式睫毛膏 Melu Ruby Rose 睫毛膏 Black Yeast,laranja (3 Unidades),3.24,https://cf.shopee.com.br/file/br-11134207-81z1k-mg418g9m90cnea,http://shopee.com.br/product/1458009052/22494555864,美妆保健,化妆品,IVCN2026011946415,239430639896,http://shopee.com.br/product/1458009052/22494555864,P1,03-18发布,239430639896,3.24,类似款,1
2月化妆品热销第1批-Niraj 血清套装 6 单位强化和生长 8 毫升,Serum Niraj KIT 6 Unidades FORTALECIMENTO E CRESCIMENTO 8ml,16,https://cf.shopee.com.br/file/br-11134207-7r98o-m6rf1elf5n53e3,http://shopee.com.br/product/485417896/22398238083,美妆保健,化妆品,IVCN2026011946423,219604483964,http://shopee.com.br/product/485417896/22398238083,P1,03-18发布,219604483964,16,类似款,1
2月化妆品热销第1批-Gogo Tales 25色回归现实眼影盘 (GT282),203#,9.43,https://cf.shopee.vn/file/vn-11134211-7r98o-lkjf9w5ncrkg79,http://shopee.vn/product/479890344/21132382968,美妆保健,化妆品,IVCN2026011946471,29100874363,http://shopee.vn/product/479890344/21132382968,P1,03-18发布,29100874363,9.43,100%同款,1
2月化妆品热销第1批-Gogo Tales 25色回归现实眼影盘 (GT282),204#,16.02,https://cf.shopee.vn/file/vn-11134211-7r98o-lkjf9w5ncrkg79,http://shopee.vn/product/479890344/21132382968,美妆保健,化妆品,IVCN2026011946471,29100874364,http://shopee.vn/product/479890344/21132382968,P1,03-18发布,29100874364,16.02,(可接受类似款，但白名单有限，先提先得）,1
2月化妆品热销第1批-La benig 指甲花粉 3g 套装 2 件装，附赠礼品,Preto + Cast Med,37.92,https://cf.shopee.com.br/file/sg-11134201-7rdyf-mdnqgk1obbok70,http://shopee.com.br/product/366160249/21099867600,美妆保健,化妆品,IVCN2026011946474,219178424860,http://shopee.com.br/product/366160249/21099867600,P1,03-18发布,219178424860,37.92,类似款,1
2月化妆品热销第1批-【新品】Flortte 7色珠光提亮闪亮蚕丝眼影笔,01 Real Coconut,10.4,https://cf.shopee.ph/file/6d31bfd54ea275d31518a67e66ffc0d6,http://shopee.ph/product/773167262/21033601085,美妆保健,化妆品,IVCN2026011946476,98124091288,http://shopee.ph/product/773167262/21033601085,P1,03-18发布,98124091288,10.4,类似款,1
2月化妆品热销第1批-专业眉毛套装：海娜粉、眉笔、眉刷、调和液、眉笔、小号眉刷,Kit Henna Preto,11.94,https://cf.shopee.com.br/file/br-11134207-7r98o-ltv889mq5mxx28,http://shopee.com.br/product/479872605/20997663722,美妆保健,化妆品,IVCN2026011946478,189161898867,http://shopee.com.br/product/479872605/20997663722,P1,03-18发布,189161898867,11.94,类似款,1
2月化妆品热销第1批-儿童化妆盒 - 精美儿童化妆套装，可水洗儿童化妆盒，儿​​童礼物,A1190,33,https://cf.shopee.com.br/file/sg-11134201-7req2-m2ae2dwgigg039,http://shopee.com.br/product/1243710265/20899546531,美妆保健,化妆品,IVCN2026011946480,209605916814,http://shopee.com.br/product/1243710265/20899546531,P1,03-18发布,209605916814,33,类似款,1
2月化妆品热销第1批-Della & Delle 眉毛海娜粉 3克 – 专业持久,Castanho Escuro,9.85,https://cf.shopee.com.br/file/br-11134207-7r98o-m0abzn7zk5315b,http://shopee.com.br/product/1358347289/20499385521,美妆保健,化妆品,IVCN2026011946496,119726802414,http://shopee.com.br/product/1358347289/20499385521,P1,03-18发布,119726802414,9.85,100%同款,1
2月化妆品热销第1批-Gecomo Y2K 四色高光泽眼影盘（女士款）,104#,5.8,https://cf.shopee.vn/file/cn-11134207-7ras8-m1tmgn7evactf0,http://shopee.vn/product/396728751/20485445126,美妆保健,化妆品,IVCN2026011946498,232148480475,http://shopee.vn/product/396728751/20485445126,P1,03-18发布,232148480475,5.8,(可接受类似款，但白名单有限，先提先得）,1
2月化妆品热销第1批-用于眉毛微色素沉着的凝胶基底。,Base Gel para Micropigmentação de sobrancelhas.,80.92,https://cf.shopee.com.br/file/br-11134207-81z1k-mf13o7fzb6djeb,http://shopee.com.br/product/1134788105/20299888760,美妆保健,化妆品,IVCN2026011946511,189179803348,http://shopee.com.br/product/1134788105/20299888760,P1,03-18发布,189179803348,80.92,类似款,1
2月化妆品热销第1批-[Xukashop] Mona 闪光眼影为您的双眸增添闪亮光彩。,23 Trắng Ánh Hồng,2.43,https://cf.shopee.vn/file/vn-11134207-7ras8-m4ybpw28vkeb73,http://shopee.vn/product/22458198/20187301294,美妆保健,化妆品,IVCN2026011946513,395303269100,http://shopee.vn/product/22458198/20187301294,P1,03-18发布,395303269100,2.43,类似款,1
2月化妆品热销第1批-GogoTales 25色防水持久眼影盘 - GOGO TALES 哑光、易卸、便捷,#202 Đào Ngọt Ngào,16.18,https://cf.shopee.vn/file/vn-11134207-7r98o-m05q7wcjudbh4f,http://shopee.vn/product/680623367/19467363786,美妆保健,化妆品,IVCN2026011946536,230437336330,http://shopee.vn/product/680623367/19467363786,P1,03-18发布,230437336330,16.18,类似款,1
2月化妆品热销第1批-RefectoCil 金色眉毛染发套装 + 3% 乳状氧化剂 100ml,Kit Tinta Blonde Brow RefectoCil + Oxidante Creme 3% 100ml,50,https://cf.shopee.com.br/file/br-11134207-7r98o-mbim0lefmwv628,http://shopee.com.br/product/1203470218/19099835306,美妆保健,化妆品,IVCN2026011946549,238787721955,http://shopee.com.br/product/1203470218/19099835306,P1,03-18发布,238787721955,50,100%同款,1
2月化妆品热销第1批-Pri Lessa Catharine Hill 纽约专业眼影盘，10 色，限量版,Paleta de Sombras Profissional New York By Pri Lessa Catharine Hill 10 Cores Edição Limitada,18.5,https://cf.shopee.com.br/file/sg-11134201-7rdvc-m03f5uww1rqy0b,http://shopee.com.br/product/353286341/18899385586,美妆保健,化妆品,IVCN2026011946561,228772454799,http://shopee.com.br/product/353286341/18899385586,P1,03-18发布,228772454799,18.5,(可接受类似款，但白名单有限，先提先得）,1
2月化妆品热销第1批-Menela 专业眉毛设计用海娜粉 - 选择您的颜色 - 2.5克 - 含定型剂和纳米技术,Castanho Escuro,18.26,https://cf.shopee.com.br/file/br-11134207-81z1k-mi6dwldnrytdf1,http://shopee.com.br/product/685213793/16603921155,美妆保健,化妆品,IVCN2026011946618,360273797194,http://shopee.com.br/product/685213793/16603921155,P1,03-18发布,360273797194,18.26,类似款,1
2月化妆品热销第1批-Menela 专业眉毛设计用海娜粉 - 选择您的颜色 - 2.5克 - 含定型剂和纳米技术,Castanho Médio,17.95,https://cf.shopee.com.br/file/br-11134207-81z1k-mi6dwldnrytdf1,http://shopee.com.br/product/685213793/16603921155,美妆保健,化妆品,IVCN2026011946618,360273797195,http://shopee.com.br/product/685213793/16603921155,P1,03-18发布,360273797195,17.95,类似款,1
2月化妆品热销第1批-Menela 专业眉毛设计用海娜粉 - 选择您的颜色 - 2.5克 - 含定型剂和纳米技术,Castanho Claro,20.48,https://cf.shopee.com.br/file/br-11134207-81z1k-mi6dwldnrytdf1,http://shopee.com.br/product/685213793/16603921155,美妆保健,化妆品,IVCN2026011946618,360273797196,http://shopee.com.br/product/685213793/16603921155,P1,03-18发布,360273797196,20.48,类似款,1
2月化妆品热销第1批-Menela 专业眉毛设计用海娜粉 - 选择您的颜色 - 2.5克 - 含定型剂和纳米技术,Preto,17.95,https://cf.shopee.com.br/file/br-11134207-81z1k-mi6dwldnrytdf1,http://shopee.com.br/product/685213793/16603921155,美妆保健,化妆品,IVCN2026011946618,360273797197,http://shopee.com.br/product/685213793/16603921155,P1,03-18发布,360273797197,17.95,类似款,1
2月化妆品热销第1批-Menela 专业眉毛设计用海娜粉 - 选择您的颜色 - 2.5克 - 含定型剂和纳米技术,Loiro Escuro,17.95,https://cf.shopee.com.br/file/br-11134207-81z1k-mi6dwldnrytdf1,http://shopee.com.br/product/685213793/16603921155,美妆保健,化妆品,IVCN2026011946618,360273797198,http://shopee.com.br/product/685213793/16603921155,P1,03-18发布,360273797198,17.95,类似款,1
2月化妆品热销第1批-二合一高显色眼影盘 柔滑哑光和珠光眼影 高显色眼影盘 双色眼影盘 持久保湿眼影散粉 哑光闪片 持久提亮 柔滑持久眼妆盘,3#Earth color,1.55,https://cf.shopee.ph/file/cn-11134207-7qukw-lfv7fq16sepqf1,http://shopee.ph/product/345361135/16362065041,美妆保健,化妆品,IVCN2026011946628,97625995135,http://shopee.ph/product/345361135/16362065041,P1,03-18发布,97625995135,1.55,类似款,1
2月化妆品热销第1批-Naked 眼影盘 / Rose and Alex 眼影盘 / 21 色 - Febella 30315,Paleta De Sombras Naked,3.5,https://cf.shopee.com.br/file/1d1c3387cf820b0268c04b9933883143,http://shopee.com.br/product/406127529/9587406283,美妆保健,化妆品,IVCN2026011946668,94040697231,http://shopee.com.br/product/406127529/9587406283,P1,03-18发布,94040697231,3.5,类似款,1
2月化妆品热销第1批-Kiss Me睫毛膏，打造纤长浓密睫毛，防晕染，持久防水，日本制造,Tẩy trang Mascara,14,https://cf.shopee.vn/file/vn-11134207-7ras8-m2dxl9x2ulyq13,http://shopee.vn/product/83432445/7417777272,美妆保健,化妆品,IVCN2026011946687,191939981843,http://shopee.vn/product/83432445/7417777272,P1,03-18发布,191939981843,14,类似款,1
2月化妆品热销第1批-Evenflo 眉粉单色装 15ml，Lulu Siciliano x Permablend 联名款,"Mocha,15ml",155,https://cf.shopee.ph/file/84e55451db0e87bee86e23e7343fe274,http://shopee.ph/product/427215/5565595253,美妆保健,化妆品,IVCN2026011946708,72021962533,http://shopee.ph/product/427215/5565595253,P1,03-18发布,72021962533,155,类似款,1
2月化妆品热销第2批-Carmed 可口可乐润唇套装，3 件装,"10.8,7.5",25.22,https://cf.shopee.com.br/file/sg-11134201-81ztm-miuny6oy4ruv78,http://shopee.com.br/product/1587699638/58202524485,美妆保健,化妆品,IVCN2026011946762,199616233277,http://shopee.com.br/product/1587699638/58202524485,P1,03-18发布,199616233277,25.22,类似款,1
2月化妆品热销第2批-Xixi 瓶装眼线膏 - 质地柔软顺滑，易于涂抹，显色均匀，防水防晕染，持久妆效，自然妆感 D766,1#Rainy Đen,5.8,https://cf.shopee.vn/file/sg-11134201-821el-mgvmmgf3babuc5,http://shopee.vn/product/1593293280/57551087911,美妆保健,化妆品,IVCN2026011946775,325098198230,http://shopee.vn/product/1593293280/57551087911,P1,03-18发布,325098198230,5.8,类似款,1
2月化妆品热销第2批-Xixi 瓶装眼线膏 - 质地柔软顺滑，易于涂抹，显色均匀，防水防晕染，持久妆效，自然妆感 D766,2 # Inca Brown,5.8,https://cf.shopee.vn/file/sg-11134201-821el-mgvmmgf3babuc5,http://shopee.vn/product/1593293280/57551087911,美妆保健,化妆品,IVCN2026011946775,325098198231,http://shopee.vn/product/1593293280/57551087911,P1,03-18发布,325098198231,5.8,类似款,1
2月化妆品热销第2批-JMCY睫毛膏 72小时持久浓密防水卷翘睫毛膏 纤长睫毛 眼妆 自然,3-IN-1 MASCARA,8.46,https://cf.shopee.ph/file/ph-11134207-81ztc-mimsdig5le6924,http://shopee.ph/product/1432033408/55901213109,美妆保健,化妆品,IVCN2026011946787,302146637855,http://shopee.ph/product/1432033408/55901213109,P1,03-18发布,302146637855,8.46,类似款,1
2月化妆品热销第2批-KAXIER 长效睫毛膏 24小时持久防晕染超长防水卷翘睫毛膏 黑色,KAXIER Long LASH Mascara 24H Lasting Smudge-Proof & Extreme Length Waterproof Lengthening Curling Mascara Black,9.02,https://cf.shopee.com.my/file/my-11134207-820li-miprq7kphlhkd4,http://shopee.com.my/product/406738334/55552265691,美妆保健,化妆品,IVCN2026011946789,385219230501,http://shopee.com.my/product/406738334/55552265691,P1,03-18发布,385219230501,9.02,类似款,1
2月化妆品热销第2批-PINKFLASH Ohmypinkflash Ohmyline 均匀显色 持久防水防汗 易于涂抹,#B01 Black,1.14,https://cf.shopee.ph/file/ph-11134207-81ztf-mh6653lefvnz16,http://shopee.ph/product/1615774048/55451543895,美妆保健,化妆品,IVCN2026011946791,315142539717,http://shopee.ph/product/1615774048/55451543895,P1,03-18发布,315142539717,1.14,类似款,1
2月化妆品热销第2批-PINKFLASH Ohmypinkflash Ohmyline 均匀显色 持久防水防汗 易于涂抹,#B02 Brown,0.66,https://cf.shopee.ph/file/ph-11134207-81ztf-mh6653lefvnz16,http://shopee.ph/product/1615774048/55451543895,美妆保健,化妆品,IVCN2026011946791,315142539718,http://shopee.ph/product/1615774048/55451543895,P1,03-18发布,315142539718,0.66,100%同款,1
2月化妆品热销第2批-露华浓专业套装 Uniq One 多效合一免洗护发素（2 件装）,Revlon Professional Kit Uniq One All in One Leave-in (2 produtos),73.9,https://cf.shopee.com.br/file/sg-11134201-821ed-mgqq5gmz6kgc02,http://shopee.com.br/product/322434863/53150931913,美妆保健,化妆品,IVCN2026011946823,320084535679,http://shopee.com.br/product/322434863/53150931913,P1,03-18发布,320084535679,73.9,(可接受类似款，但白名单有限，先提先得）,1
2月化妆品热销第2批-（货到付款）ZEESEA 双头眉笔，超细 0.05mm 笔尖，持久不脱妆，防水防汗。化妆品。,#02 xám-đen,4,https://cf.shopee.vn/file/cn-11134207-820l4-mhhd6ukvsjcw01,http://shopee.vn/product/251112545/50952075021,美妆保健,化妆品,IVCN2026011946850,297199445457,http://shopee.vn/product/251112545/50952075021,P1,03-18发布,297199445457,4,100%同款,1
2月化妆品热销第2批-【2026新年热卖】JMCY热卖系列活动独家唇膏、眉笔和眼袋笔,#01 BLACK（Single-ended）,4.34,https://cf.shopee.ph/file/cn-11134207-820l4-mimpdos0wsg88a,http://shopee.ph/product/1261408961/48702288587,美妆保健,化妆品,IVCN2026011946881,277210372939,http://shopee.ph/product/1261408961/48702288587,P1,03-18发布,277210372939,4.34,(可接受类似款，但白名单有限，先提先得）,1
2月化妆品热销第2批-Xixi睫毛膏，纤长卷翘，不结块，防晕染，持久不脱妆，小刷头方便涂抹下睫毛 D817,1 # Đen tự nhiên,5.7,https://cf.shopee.vn/file/sg-11134201-822zf-mhwzggmbz3lu29,http://shopee.vn/product/1557077091/48652699211,美妆保健,化妆品,IVCN2026011946883,400258397548,http://shopee.vn/product/1557077091/48652699211,P1,03-18发布,400258397548,5.7,类似款,1
2月化妆品热销第2批-Xixi睫毛膏，纤长卷翘，不结块，防晕染，持久不脱妆，小刷头方便涂抹下睫毛 D817,1 # Đen tự nhiên,7.74,https://cf.shopee.vn/file/sg-11134201-822zf-mhwzggmbz3lu29,http://shopee.vn/product/1593293280/48652699209,美妆保健,化妆品,IVCN2026011946883,400258397531,http://shopee.vn/product/1593293280/48652699209,P1,03-18发布,400258397531,7.74,100%同款,1
2月化妆品热销第2批-【新品】Time Phoria 闪亮眼影 - 色彩真实，持久闪耀，新手也能轻松上手,001 Bạc ánh kim,4.32,https://cf.shopee.vn/file/vn-11134207-820l4-mj3wl7f8t2x02c,http://shopee.vn/product/1547687617/48352550339,美妆保健,化妆品,IVCN2026011946893,365244220121,http://shopee.vn/product/1547687617/48352550339,P1,03-18发布,365244220121,4.32,(可接受类似款，但白名单有限，先提先得）,1
2月化妆品热销第2批-【新品】Time Phoria 闪亮眼影 - 色彩真实，持久闪耀，新手也能轻松上手,009 Trắng ánh bạc,4.32,https://cf.shopee.vn/file/vn-11134207-820l4-mj3wl7f8t2x02c,http://shopee.vn/product/1547687617/48352550339,美妆保健,化妆品,IVCN2026011946893,365244220129,http://shopee.vn/product/1547687617/48352550339,P1,03-18发布,365244220129,4.32,类似款,1
2月化妆品热销第2批-KAXIER 二合一眉笔，含染眉胶和眉刷，防水眉笔+持久染眉胶,02 CARAMEL BROWN,8.17,https://cf.shopee.com.my/file/my-11134207-820la-mips1cfrogeb55,http://shopee.com.my/product/406738334/45951812469,美妆保健,化妆品,IVCN2026011946928,425165766817,http://shopee.com.my/product/406738334/45951812469,P1,03-18发布,425165766817,8.17,类似款,1
2月化妆品热销第2批-KAXIER 二合一眉笔，含染眉胶和眉刷，防水眉笔+持久染眉胶,03 CLEVER BROWN,8.32,https://cf.shopee.com.my/file/my-11134207-820la-mips1cfrogeb55,http://shopee.com.my/product/406738334/45951812469,美妆保健,化妆品,IVCN2026011946928,425165766818,http://shopee.com.my/product/406738334/45951812469,P1,03-18发布,425165766818,8.32,100%同款,1
2月化妆品热销第2批-Pinkflash 二合一塑形眉蜡，带刷子，持久防水，提拉眉毛，有色眉毛,BK01,0.57,https://cf.shopee.ph/file/ph-11134207-81ztd-mgt4sppjepl8bc,http://shopee.ph/product/1615774048/43966013041,美妆保健,化妆品,IVCN2026011946972,276318886428,http://shopee.ph/product/1615774048/43966013041,P1,03-18发布,276318886428,0.57,(可接受类似款，但白名单有限，先提先得）,1
2月化妆品热销第2批-Pinkflash 二合一塑形眉蜡，带刷子，持久防水，提拉眉毛，有色眉毛,BR01,0.27,https://cf.shopee.ph/file/ph-11134207-81ztd-mgt4sppjepl8bc,http://shopee.ph/product/1615774048/43966013041,美妆保健,化妆品,IVCN2026011946972,276318886429,http://shopee.ph/product/1615774048/43966013041,P1,03-18发布,276318886429,0.27,100%同款,1
2月化妆品热销第2批-Pinkflash 二合一塑形眉蜡，带刷子，持久防水，提拉眉毛，有色眉毛,TP01,0.13,https://cf.shopee.ph/file/ph-11134207-81ztd-mgt4sppjepl8bc,http://shopee.ph/product/1615774048/43966013041,美妆保健,化妆品,IVCN2026011946972,276318886430,http://shopee.ph/product/1615774048/43966013041,P1,03-18发布,276318886430,0.13,(可接受类似款，但白名单有限，先提先得）,1
2月化妆品热销第2批-Xixi 凝胶眼线笔 – 超细 1.2mm，防水，防晕染，色彩柔和，持久显色，易于使用 D217,01+02 D217 Được 2 Cây,3.64,https://cf.shopee.vn/file/cn-11134207-820l4-mgyzw5epe1hqf1,http://shopee.vn/product/1593293280/43010645083,美妆保健,化妆品,IVCN2026011947024,355047534043,http://shopee.vn/product/1593293280/43010645083,P1,03-18发布,355047534043,3.64,类似款,1
2月化妆品热销第2批-【9周年限定赠品】O.TWO.O 液体眼线笔/Celak Cecair,Gold Eyeliner Pen,9.51,https://cf.shopee.com.my/file/my-11134207-7rasc-mb231wwqurzf8f,http://shopee.com.my/product/1211685075/42854649361,美妆保健,化妆品,IVCN2026011947037,129386658892,http://shopee.com.my/product/1211685075/42854649361,P1,03-18发布,129386658892,9.51,类似款,1
2月化妆品热销第2批-【AZTK】浅粉棕色眉毛膏 – 防水、持久、速干、防晕染 1.9克,NB01,13.46,https://cf.shopee.vn/file/cn-11134207-820l4-mj25orben5z54e,http://shopee.vn/product/1431102203/42652658503,美妆保健,化妆品,IVCN2026011947054,265220330065,http://shopee.vn/product/1431102203/42652658503,P1,03-18发布,265220330065,13.46,类似款,1
2月化妆品热销第2批-【AZTK】浅粉棕色眉毛膏 – 防水、持久、速干、防晕染 1.9克,NR02,13.08,https://cf.shopee.vn/file/cn-11134207-820l4-mj25orben5z54e,http://shopee.vn/product/1431102203/42652658503,美妆保健,化妆品,IVCN2026011947054,265220330066,http://shopee.vn/product/1431102203/42652658503,P1,03-18发布,265220330066,13.08,类似款,1
2月化妆品热销第2批-【AZTK】浅粉棕色眉毛膏 – 防水、持久、速干、防晕染 1.9克,NA03,11.74,https://cf.shopee.vn/file/cn-11134207-820l4-mj25orben5z54e,http://shopee.vn/product/1431102203/42652658503,美妆保健,化妆品,IVCN2026011947054,265220330067,http://shopee.vn/product/1431102203/42652658503,P1,03-18发布,265220330067,11.74,类似款,1
2月化妆品热销第2批-【AZTK】浅粉棕色眉毛膏 – 防水、持久、速干、防晕染 1.9克,NB04,12.98,https://cf.shopee.vn/file/cn-11134207-820l4-mj25orben5z54e,http://shopee.vn/product/1431102203/42652658503,美妆保健,化妆品,IVCN2026011947054,265220330068,http://shopee.vn/product/1431102203/42652658503,P1,03-18发布,265220330068,12.98,类似款,1
2月化妆品热销第2批-【AZTK】浅粉棕色眉毛膏 – 防水、持久、速干、防晕染 1.9克,NR05,12.38,https://cf.shopee.vn/file/cn-11134207-820l4-mj25orben5z54e,http://shopee.vn/product/1431102203/42652658503,美妆保健,化妆品,IVCN2026011947054,265220330069,http://shopee.vn/product/1431102203/42652658503,P1,03-18发布,265220330069,12.38,类似款,1
2月化妆品热销第2批-【AZTK】浅粉棕色眉毛膏 – 防水、持久、速干、防晕染 1.9克,NB01 + NR02,30.72,https://cf.shopee.vn/file/cn-11134207-820l4-mj25orben5z54e,http://shopee.vn/product/1431102203/42652658503,美妆保健,化妆品,IVCN2026011947054,265220330071,http://shopee.vn/product/1431102203/42652658503,P1,03-18发布,265220330071,30.72,类似款,1
2月化妆品热销第2批-【买一送一】JMCY眼线胶笔 纤细持久 防水防晕染 丝滑柔顺 新手友好,E02+E02,5.34,https://cf.shopee.ph/file/cn-11134207-820l4-mi9lguju9ybn52,http://shopee.ph/product/1261408961/42509970295,美妆保健,化妆品,IVCN2026011947064,290836729682,http://shopee.ph/product/1261408961/42509970295,P1,03-18发布,290836729682,5.34,100%同款,1
2月化妆品热销第2批-Rock Sweet RS 眼影盘 5g 高光修容盘 彩妆盘,93688 # Bản giao hưởng trường,27.76,https://cf.shopee.vn/file/cn-11134207-7ras8-mcbhm564b24i4e,http://shopee.vn/product/482304608/42058926499,美妆保健,化妆品,IVCN2026011947079,265749169418,http://shopee.vn/product/482304608/42058926499,P1,03-18发布,265749169418,27.76,(可接受类似款，但白名单有限，先提先得）,1
2月化妆品热销第2批-RSG Ready Set Glow Fixliner 双头眼线笔（带橡皮擦）,Brown Out,6.75,https://cf.shopee.ph/file/ph-11134207-81ztm-mhhqdaoz3ugw78,http://shopee.ph/product/262498775/41526092432,美妆保健,化妆品,IVCN2026011947105,277120492666,http://shopee.ph/product/262498775/41526092432,P1,03-18发布,277120492666,6.75,类似款,1
2月化妆品热销第2批-Cheeryep 水晶箔单色珠光眼影盘，采用烘焙粉末技术，银色外壳,U003,19.85,https://cf.shopee.vn/file/cn-11134207-820l4-mivcx2dxg9aad0,http://shopee.vn/product/1325307733/41353064193,美妆保健,化妆品,IVCN2026011947110,186104712711,http://shopee.vn/product/1325307733/41353064193,P1,03-18发布,186104712711,19.85,类似款,1
2月化妆品热销第2批-Browit定型眉毛膏 2克,02 Dark Caramel,12.4,https://cf.shopee.vn/file/sg-11134201-81zvs-mizpj5wkp34625,http://shopee.vn/product/89771749/41260618858,美妆保健,化妆品,IVCN2026011947114,260893483510,http://shopee.vn/product/89771749/41260618858,P1,03-18发布,260893483510,12.4,100%同款,1
2月化妆品热销第2批-XIXI 持久光泽眼影盘。多功能，乳霜质地，持久显色 D559,D-559 01+02+03 3pcs Combo🔥,8.84,https://cf.shopee.vn/file/cn-11134207-820l4-mih19suho07549,http://shopee.vn/product/1557077091/40203411353,美妆保健,化妆品,IVCN2026011947143,276987760929,http://shopee.vn/product/1557077091/40203411353,P1,03-18发布,276987760929,8.84,(可接受类似款，但白名单有限，先提先得）,1
2月化妆品热销第2批-Clio Kill Lash 超强防水睫毛膏,01 - Long Curling,2.5,https://cf.shopee.vn/file/vn-11134207-7ras8-m4twi5s7qhqv71,http://shopee.vn/product/713699311/29873157216,美妆保健,化妆品,IVCN2026011947159,285647231765,http://shopee.vn/product/713699311/29873157216,P1,03-18发布,285647231765,2.5,100%同款,1
2月化妆品热销第2批-3CE 多色眼影盘，9 种哑光、珠光、闪片色调，质地顺滑易叠加，显色度可层层叠加，不结块,Smoother,17,https://cf.shopee.com.my/file/sg-11134201-824j2-merebgclsmx1e9,http://shopee.com.my/product/1363205208/29468048143,美妆保健,化妆品,IVCN2026011947193,242060380902,http://shopee.com.my/product/1363205208/29468048143,P1,03-18发布,242060380902,17,(可接受类似款，但白名单有限，先提先得）,1
2月化妆品热销第2批-3CE 多色眼影盘，9 种哑光、珠光、闪片色调，质地顺滑易叠加，显色度可层层叠加，不结块,Some Def,17,https://cf.shopee.com.my/file/sg-11134201-824j2-merebgclsmx1e9,http://shopee.com.my/product/1363205208/29468048143,美妆保健,化妆品,IVCN2026011947193,242060380912,http://shopee.com.my/product/1363205208/29468048143,P1,03-18发布,242060380912,17,100%同款,1
2月化妆品热销第2批-BYS 16小时超细防水液体眼线笔,Brown,4.5,https://cf.shopee.ph/file/ph-11134207-7ras9-maaoguim6qh38f,http://shopee.ph/product/71165874/29124860850,美妆保健,化妆品,IVCN2026011947220,291978809306,http://shopee.ph/product/71165874/29124860850,P1,03-18发布,291978809306,4.5,(可接受类似款，但白名单有限，先提先得）,1
2月化妆品热销第2批-Lucky Beauty 童话眼部及面部彩妆盘,Fairytale,11.8,https://cf.shopee.ph/file/ph-11134207-7rasb-m70gla4ivaq3df,http://shopee.ph/product/936406675/29076419559,美妆保健,化妆品,IVCN2026011947224,242654864126,http://shopee.ph/product/936406675/29076419559,P1,03-18发布,242654864126,11.8,100%同款,1
2月化妆品热销第2批-Strokes 眼影膏 Solo [哑光和金属光泽液体眼影],Latte (Matte),3,https://cf.shopee.ph/file/ph-11134207-7rasb-m3yt1p4w94va08,http://shopee.ph/product/289919484/28913435791,美妆保健,化妆品,IVCN2026011947252,109281686043,http://shopee.ph/product/289919484/28913435791,P1,03-18发布,109281686043,3,(可接受类似款，但白名单有限，先提先得）,1
2月化妆品热销第2批-Strokes 眼影膏 Solo [哑光和金属光泽液体眼影],Newlywed (Metallic),3,https://cf.shopee.ph/file/ph-11134207-7rasb-m3yt1p4w94va08,http://shopee.ph/product/289919484/28913435791,美妆保健,化妆品,IVCN2026011947252,109281686044,http://shopee.ph/product/289919484/28913435791,P1,03-18发布,109281686044,3,100%同款,1
2月化妆品热销第2批-EB 终极眉毛定型液 3克,Clear,10.35,https://cf.shopee.ph/file/ph-11134207-81ztk-mizp9s6rijus97,http://shopee.ph/product/78895515/28707773008,美妆保健,化妆品,IVCN2026011947264,109234500863,http://shopee.ph/product/78895515/28707773008,P1,03-18发布,109234500863,10.35,(可接受类似款，但白名单有限，先提先得）,1
2月化妆品热销第2批-EB 终极眉毛定型液 3克,Natural Brown,3,https://cf.shopee.ph/file/ph-11134207-81ztk-mizp9s6rijus97,http://shopee.ph/product/78895515/28707773008,美妆保健,化妆品,IVCN2026011947264,109234500864,http://shopee.ph/product/78895515/28707773008,P1,03-18发布,109234500864,3,100%同款,1
2月化妆品热销第2批-EB 终极眉毛定型液 3克,Taupe,3,https://cf.shopee.ph/file/ph-11134207-81ztk-mizp9s6rijus97,http://shopee.ph/product/78895515/28707773008,美妆保健,化妆品,IVCN2026011947264,109234500865,http://shopee.ph/product/78895515/28707773008,P1,03-18发布,109234500865,3,(可接受类似款，但白名单有限，先提先得）,1
2月化妆品热销第2批-【买一送一】JMCY持久睫毛膏，纤细刷头，告别结块，持久卷翘，防水不晕染，不脱妆,#01 BLACK,4.25,https://cf.shopee.ph/file/cn-11134207-820l4-mi45umdvy6fc94,http://shopee.ph/product/1261408961/28589532109,美妆保健,化妆品,IVCN2026011947282,305978657801,http://shopee.ph/product/1261408961/28589532109,P1,03-18发布,305978657801,4.25,100%同款,1
2月化妆品热销第2批-KISSME Heroine 柔滑液体眼线笔 超持久 0.4ml,.#01 Đen,3.5,https://cf.shopee.vn/file/vn-11134201-7r98o-m0a5su1f73sd06,http://shopee.vn/product/193849872/28461607193,美妆保健,化妆品,IVCN2026011947306,166687403479,http://shopee.vn/product/193849872/28461607193,P1,03-18发布,166687403479,3.5,(可接受类似款，但白名单有限，先提先得）,1
2月化妆品热销第2批-VEECCI 凝胶眼线笔，1.3毫米笔尖，自然哑光黑，防水持久，50毫克,#S04 Nâu Trà Ấm,5.71,https://cf.shopee.vn/file/cn-11134207-820l4-mi46lx9js3k127,http://shopee.vn/product/772927739/28405977750,美妆保健,化妆品,IVCN2026011947308,285502629920,http://shopee.vn/product/772927739/28405977750,P1,03-18发布,285502629920,5.71,100%同款,1
2月化妆品热销第2批-Rock SWEET RS 丝绒雾状眉粉，8 色号，持久显色，打造狂野妆效，持久不脱妆，奶咖啡色，防晕染，防水防汗，自然眉妆，柔雾质地，染眉膏,Đặt Tint 26394 + Pencil 63880,22.04,https://cf.shopee.vn/file/cn-11134207-7ras8-mcsuqxs0suff4d,http://shopee.vn/product/482304608/28378137395,美妆保健,化妆品,IVCN2026011947315,49527601193,http://shopee.vn/product/482304608/28378137395,P1,03-18发布,49527601193,22.04,(可接受类似款，但白名单有限，先提先得）,1
2月化妆品热销第2批-Rock Sweet 睫毛膏底膏 – 持久、纤长、防卷曲、防晕染、防水，不易脱妆。,"Đế Mascara Rock Sweet – Lâu trôi, kéo dài, uốn cong, chống nhòe, chống thấm nước và giữ chắc chắn",22.97,https://cf.shopee.vn/file/cn-11134207-7ras8-m3vjgelv33zj55,http://shopee.vn/product/482304608/28171305949,美妆保健,化妆品,IVCN2026011947326,223615128187,http://shopee.vn/product/482304608/28171305949,P1,03-18发布,223615128187,22.97,类似款,1
2月化妆品热销第2批-Colourette Eye Gotchu BFF 眼影盘,Cranberry-LIMITED ED,18.14,https://cf.shopee.ph/file/ph-11134207-81ztk-mi62ipfrwsn57c,http://shopee.ph/product/53427120/27619638055,美妆保健,化妆品,IVCN2026011947381,425298950615,http://shopee.ph/product/53427120/27619638055,P1,03-18发布,425298950615,18.14,100%同款,1
2月化妆品热销第2批-Colourette Eye Gotchu BFF 眼影盘,Smokey-LIMITED ED,18.27,https://cf.shopee.ph/file/ph-11134207-81ztk-mi62ipfrwsn57c,http://shopee.ph/product/53427120/27619638055,美妆保健,化妆品,IVCN2026011947381,425298950616,http://shopee.ph/product/53427120/27619638055,P1,03-18发布,425298950616,18.27,(可接受类似款，但白名单有限，先提先得）,1
2月化妆品热销第2批-Colourette Eye Gotchu BFF 眼影盘,Coffee-LIMITED ED,18.37,https://cf.shopee.ph/file/ph-11134207-81ztk-mi62ipfrwsn57c,http://shopee.ph/product/53427120/27619638055,美妆保健,化妆品,IVCN2026011947381,425298950619,http://shopee.ph/product/53427120/27619638055,P1,03-18发布,425298950619,18.37,100%同款,1
2月化妆品热销第2批-Colourette Eye Gotchu BFF 眼影盘,Berry-LIMITED ED,18.04,https://cf.shopee.ph/file/ph-11134207-81ztk-mi62ipfrwsn57c,http://shopee.ph/product/53427120/27619638055,美妆保健,化妆品,IVCN2026011947381,425298950620,http://shopee.ph/product/53427120/27619638055,P1,03-18发布,425298950620,18.04,(可接受类似款，但白名单有限，先提先得）,1
2月化妆品热销第2批-COLORKEY睫毛膏有助于拉长并根根分明地打造自然妆效，速干且不晕染。 -myphamdrmai,"Mascara COLORKEY Hỗ Trợ Giúp Mi Dài Và Tơi, Tạo Cảm Giác Tự Nhiên, Nhanh Khô, Không Lem-myphamdrmai",8,https://cf.shopee.vn/file/vn-11134207-7ra0g-m7gqvf0b0lme6e,http://shopee.vn/product/1448746319/27479827209,美妆保健,化妆品,IVCN2026011947423,178786684323,http://shopee.vn/product/1448746319/27479827209,P1,03-18发布,178786684323,8,100%同款,1
2月化妆品热销第2批-【高级系列】O.TWO.O 睫毛膏 超浓密卷翘 持久24小时防水配方 眼妆,【Haute Series】O.TWO.O Mascara Ultra Thick & Curling Long Lasting 24H Waterproof Formula Eye Makeup,15.52,https://cf.shopee.ph/file/cn-11134207-820l4-mj2lkk4dmj9j04,http://shopee.ph/product/58413888/27272874698,美妆保健,化妆品,IVCN2026011947436,147636255828,http://shopee.ph/product/58413888/27272874698,P1,03-18发布,147636255828,15.52,(可接受类似款，但白名单有限，先提先得）,1
2月化妆品热销第2批-O.TWO.O 丰盈防水睫毛膏 + 向日葵 3D 睫毛夹眼妆套装,#ERROR!,13.84,https://cf.shopee.ph/file/ph-11134207-7ra0g-mbow3x4glvps7f,http://shopee.ph/product/860287702/26904779868,美妆保健,化妆品,IVCN2026011947472,226524069352,http://shopee.ph/product/860287702/26904779868,P1,03-18发布,226524069352,13.84,100%同款,1
2月化妆品热销第2批-VICE CO. 每日眉形指南 - 眉毛，眉笔,Ash Brown,3.5,https://cf.shopee.ph/file/ph-11134207-81zto-mhvd0lsqvgn88a,http://shopee.ph/product/53860691/26823752178,美妆保健,化妆品,IVCN2026011947476,242484309022,http://shopee.ph/product/53860691/26823752178,P1,03-18发布,242484309022,3.5,(可接受类似款，但白名单有限，先提先得）,1
2月化妆品热销第2批-VICE CO. 每日眉形指南 - 眉毛，眉笔,Natural Brown,3,https://cf.shopee.ph/file/ph-11134207-81zto-mhvd0lsqvgn88a,http://shopee.ph/product/53860691/26823752178,美妆保健,化妆品,IVCN2026011947476,242484309023,http://shopee.ph/product/53860691/26823752178,P1,03-18发布,242484309023,3,100%同款,1
2月化妆品热销第2批-VICE CO. 每日眉形指南 - 眉毛，眉笔,Dark Brown,9.07,https://cf.shopee.ph/file/ph-11134207-81zto-mhvd0lsqvgn88a,http://shopee.ph/product/53860691/26823752178,美妆保健,化妆品,IVCN2026011947476,242484309024,http://shopee.ph/product/53860691/26823752178,P1,03-18发布,242484309024,9.07,(可接受类似款，但白名单有限，先提先得）,1
2月化妆品热销第2批-Focallure 3色防水持久眉笔眉胶眼妆,(TOP SALE)#02 Brown,0.7,https://cf.shopee.ph/file/ph-11134207-81ztc-me00jnyzqps7b5,http://shopee.ph/product/1607659033/26790648617,美妆保健,化妆品,IVCN2026011947485,291297882278,http://shopee.ph/product/1607659033/26790648617,P1,03-18发布,291297882278,0.7,100%同款,1
2月化妆品热销第2批-【Cheeryep 官方】16色多功能眼影盘 - 粉质细腻，显色度高，打造百变妆容,#11 Một ngàn đĩa vàng,46.86,https://cf.shopee.vn/file/cn-11134207-820l4-mivc7hhhvsp1e5,http://shopee.vn/product/1325307733/26630004734,美妆保健,化妆品,IVCN2026011947508,252922822942,http://shopee.vn/product/1325307733/26630004734,P1,03-18发布,252922822942,46.86,(可接受类似款，但白名单有限，先提先得）,1
2月化妆品热销第2批-【Cheeryep 官方】16色多功能眼影盘 - 粉质细腻，显色度高，打造百变妆容,[NEW] #17 Tình Đầu,65.63,https://cf.shopee.vn/file/cn-11134207-820l4-mivc7hhhvsp1e5,http://shopee.vn/product/1325307733/26630004734,美妆保健,化妆品,IVCN2026011947508,262112822086,http://shopee.vn/product/1325307733/26630004734,P1,03-18发布,262112822086,65.63,100%同款,1
2月化妆品热销第2批-SHEGLAM 多功能眼影笔 眼线笔 鼻部面部透明高光棒 彩妆,Frost,1,https://cf.shopee.com.my/file/cn-11134207-7ras8-manscng2tlf007,http://shopee.com.my/product/1378440000/26570241436,美妆保健,化妆品,IVCN2026011947532,247221026488,http://shopee.com.my/product/1378440000/26570241436,P1,03-18发布,247221026488,1,(可接受类似款，但白名单有限，先提先得）,1
2月化妆品热销第2批-SHEGLAM 多功能眼影笔 眼线笔 鼻部面部透明高光棒 彩妆,White,1,https://cf.shopee.com.my/file/cn-11134207-7ras8-manscng2tlf007,http://shopee.com.my/product/1378440000/26570241436,美妆保健,化妆品,IVCN2026011947532,247221026489,http://shopee.com.my/product/1378440000/26570241436,P1,03-18发布,247221026489,1,100%同款,1
2月化妆品热销第2批-【全天持妆】JMCY持久卷翘睫毛膏，纤细刷头，打造根根分明的持久卷翘睫毛，防水防晕染，全天持妆眼妆,#02 BROWN,4.56,https://cf.shopee.ph/file/cn-11134207-820l4-mi9m5yslolj498,http://shopee.ph/product/1261408961/26536884526,美妆保健,化妆品,IVCN2026011947545,300163230151,http://shopee.ph/product/1261408961/26536884526,P1,03-18发布,300163230151,4.56,(可接受类似款，但白名单有限，先提先得）,1
2月化妆品热销第2批-SHEGLAM 水晶果冻釉彩闪粉眼影棒闪亮眼影笔彩妆化妆品,Champagne Gleam,11,https://cf.shopee.com.my/file/cn-11134207-820l4-mf03joxrlybt95,http://shopee.com.my/product/1378440000/26473168885,美妆保健,化妆品,IVCN2026011947558,405063962390,http://shopee.com.my/product/1378440000/26473168885,P1,03-18发布,405063962390,11,100%同款,1
2月化妆品热销第2批-JMCY持久防水防汗刀尖眉笔 – 旋转笔芯，草本配方，防晕染，精准勾勒眉形，彩妆护理二合一,E02 SOFT GRAY BROWN,2.79,https://cf.shopee.ph/file/cn-11134207-820l4-mi45lv3fpywxf7,http://shopee.ph/product/1261408961/26227890632,美妆保健,化妆品,IVCN2026011947593,237439607796,http://shopee.ph/product/1261408961/26227890632,P1,03-18发布,237439607796,2.79,(可接受类似款，但白名单有限，先提先得）,1
2月化妆品热销第2批-JUDYDOLL 0.055克超细凝胶眼线笔，持久、顺滑、防水（专为内眼睑设计）,"#02 1,5mm nâu đậm",9.86,https://cf.shopee.vn/file/sg-11134201-82605-mj5ebilnv6yrce,http://shopee.vn/product/341989119/25793474918,美妆保健,化妆品,IVCN2026011947647,89798118576,http://shopee.vn/product/341989119/25793474918,P1,03-18发布,89798118576,9.86,100%同款,1
2月化妆品热销第2批-【特价】Bảng mắt 20 ô dasique Mood Shadow Palette 10.5g | All Collections in One,Light Lavender,8,https://cf.shopee.vn/file/vn-11134207-820l4-mj4y72wi639ca6,http://shopee.vn/product/1054859151/25785389842,美妆保健,化妆品,IVCN2026011947651,271824865849,http://shopee.vn/product/1054859151/25785389842,P1,03-18发布,271824865849,8,(可接受类似款，但白名单有限，先提先得）,1
2月化妆品热销第2批-Issy精密流体衬里,Pitch Black [PFL],15.75,https://cf.shopee.ph/file/ph-11134207-81zto-mie7xvby7ls609,http://shopee.ph/product/175954586/25568383086,美妆保健,化妆品,IVCN2026011947660,222586874363,http://shopee.ph/product/175954586/25568383086,P1,03-18发布,222586874363,15.75,100%同款,1
2月化妆品热销第2批-Issy精密流体衬里,Smoked Brown,15.69,https://cf.shopee.ph/file/ph-11134207-81zto-mie7xvby7ls609,http://shopee.ph/product/175954586/25568383086,美妆保健,化妆品,IVCN2026011947660,222586874366,http://shopee.ph/product/175954586/25568383086,P1,03-18发布,222586874366,15.69,(可接受类似款，但白名单有限，先提先得）,1
2月化妆品热销第2批-Cheeryep Qianyan 真彩星光16色眼影盘,"#17 Tình Đầu,Hàng Công Ty",54.75,https://cf.shopee.vn/file/vn-11134207-820l4-midv0jmig1z501,http://shopee.vn/product/406725551/25364960570,美妆保健,化妆品,IVCN2026011947663,330276514037,http://shopee.vn/product/406725551/25364960570,P1,03-18发布,330276514037,54.75,100%同款,1
2月化妆品热销第2批-Sunnies Face Lifebrow 眉毛定型啫喱 [柔韧塑形定型啫喱],Ash Brown,4.8,https://cf.shopee.ph/file/ph-11134207-81zte-mep9yyjumznr35,http://shopee.ph/product/109652002/25262400794,美妆保健,化妆品,IVCN2026011947672,246483644497,http://shopee.ph/product/109652002/25262400794,P1,03-18发布,246483644497,4.8,(可接受类似款，但白名单有限，先提先得）,1
2月化妆品热销第2批-Sunnies Face Lifebrow 眉毛定型啫喱 [柔韧塑形定型啫喱],Black Brown,4.8,https://cf.shopee.ph/file/ph-11134207-81zte-mep9yyjumznr35,http://shopee.ph/product/109652002/25262400794,美妆保健,化妆品,IVCN2026011947672,246483644499,http://shopee.ph/product/109652002/25262400794,P1,03-18发布,246483644499,4.8,100%同款,1
2月化妆品热销第2批-Sunnies Face Lifebrow 眉毛定型啫喱 [柔韧塑形定型啫喱],Clear,4.8,https://cf.shopee.ph/file/ph-11134207-81zte-mep9yyjumznr35,http://shopee.ph/product/109652002/25262400794,美妆保健,化妆品,IVCN2026011947672,246483644500,http://shopee.ph/product/109652002/25262400794,P1,03-18发布,246483644500,4.8,(可接受类似款，但白名单有限，先提先得）,1
2月化妆品热销第2批-巴黎欧莱雅丰盈睫毛膏（黑色）,L'Oreal Paris Volume Panorama Mascara Black,32.88,https://cf.shopee.com.my/file/my-11134201-7ras8-maodd0cgnwa3a4,http://shopee.com.my/product/21516516/24425274460,美妆保健,化妆品,IVCN2026011947738,240666792111,http://shopee.com.my/product/21516516/24425274460,P1,03-18发布,240666792111,32.88,100%同款,1
2月化妆品热销第2批-Issy 极致凝胶铅笔,Black Belt,2.8,https://cf.shopee.ph/file/ph-11134207-81zte-mgd6nyqwr66k8b,http://shopee.ph/product/175954586/24368387658,美妆保健,化妆品,IVCN2026011947744,176371767428,http://shopee.ph/product/175954586/24368387658,P1,03-18发布,176371767428,2.8,(可接受类似款，但白名单有限，先提先得）,1
2月化妆品热销第2批-Issy 极致凝胶铅笔,Diva,11.7,https://cf.shopee.ph/file/ph-11134207-81zte-mgd6nyqwr66k8b,http://shopee.ph/product/175954586/24368387658,美妆保健,化妆品,IVCN2026011947744,176371767429,http://shopee.ph/product/175954586/24368387658,P1,03-18发布,176371767429,11.7,100%同款,1
2月化妆品热销第2批-Issy 极致凝胶铅笔,Ninja,4.6,https://cf.shopee.ph/file/ph-11134207-81zte-mgd6nyqwr66k8b,http://shopee.ph/product/175954586/24368387658,美妆保健,化妆品,IVCN2026011947744,176371767432,http://shopee.ph/product/175954586/24368387658,P1,03-18发布,176371767432,4.6,(可接受类似款，但白名单有限，先提先得）,1
2月化妆品热销第2批-JOOCYEE单色眼影盘：色号多样，易于晕染，持久显色，质地柔滑，闪耀动人，与肤色完美融合，轻盈透气，色彩鲜艳，持久不脱妆，时尚百搭，彰显个性。1.1克,[HOT] D111 Broken Stars,13.62,https://cf.shopee.vn/file/sg-11134201-82608-mj54ewl8uyv9ce,http://shopee.vn/product/1208623431/24222837960,美妆保健,化妆品,IVCN2026011947761,236202528364,http://shopee.vn/product/1208623431/24222837960,P1,03-18发布,236202528364,13.62,100%同款,1
2月化妆品热销第2批-PINKFLASH 二合一眉笔 4 色防水持久眉笔刷,#02,1.91,https://cf.shopee.ph/file/cn-11134207-820l4-mitx5n6ve0ao70,http://shopee.ph/product/164074866/23506144011,美妆保健,化妆品,IVCN2026011947827,183247246793,http://shopee.ph/product/164074866/23506144011,P1,03-18发布,183247246793,1.91,(可接受类似款，但白名单有限，先提先得）,1
2月化妆品热销第2批-PINKFLASH 二合一眉笔 4 色防水持久眉笔刷,#04,1.95,https://cf.shopee.ph/file/cn-11134207-820l4-mitx5n6ve0ao70,http://shopee.ph/product/164074866/23506144011,美妆保健,化妆品,IVCN2026011947827,183247246795,http://shopee.ph/product/164074866/23506144011,P1,03-18发布,183247246795,1.95,100%同款,1
2月化妆品热销第2批-[Rom&nd] Romand Han 全效眉毛睫毛膏 - 超自然、持久、防晕染眉毛睫毛膏,02 Mild Woody,4.2,https://cf.shopee.vn/file/sg-11134201-82628-mj5flg7fjfgk7b,http://shopee.vn/product/590427230/22938225050,美妆保健,化妆品,IVCN2026011947865,146804138781,http://shopee.vn/product/590427230/22938225050,P1,03-18发布,146804138781,4.2,(可接受类似款，但白名单有限，先提先得）,1
2月化妆品热销第2批-[Rom&nd] Romand Han 全效眉毛睫毛膏 - 超自然、持久、防晕染眉毛睫毛膏,03 Modern Beige,4.2,https://cf.shopee.vn/file/sg-11134201-82628-mj5flg7fjfgk7b,http://shopee.vn/product/590427230/22938225050,美妆保健,化妆品,IVCN2026011947865,146804138782,http://shopee.vn/product/590427230/22938225050,P1,03-18发布,146804138782,4.2,100%同款,1
2月化妆品热销第2批-[Rom&nd] Romand Han 全效眉毛睫毛膏 - 超自然、持久、防晕染眉毛睫毛膏,04 Merry Blondy,4.2,https://cf.shopee.vn/file/sg-11134201-82628-mj5flg7fjfgk7b,http://shopee.vn/product/590427230/22938225050,美妆保健,化妆品,IVCN2026011947865,146804138783,http://shopee.vn/product/590427230/22938225050,P1,03-18发布,146804138783,4.2,(可接受类似款，但白名单有限，先提先得）,1
2月化妆品热销第2批-美宝莲巨密丰盈防水睫毛膏，黑色，8.0毫升,"Máscara de Cílios Maybelline The Colossal Volum' Express à Prova D'água Preto 8,0 ml",2.3,https://cf.shopee.com.br/file/br-11134207-7r98o-lvez4ildzhox50,http://shopee.com.br/product/689258512/22693046617,美妆保健,化妆品,IVCN2026011947877,219595391039,http://shopee.com.br/product/689258512/22693046617,P1,03-18发布,219595391039,2.3,100%同款,1
2月化妆品热销第2批-Zeesea 防水、持久、速干、易用眼线笔 0.55ml,Đen,6.47,https://cf.shopee.vn/file/cn-11134207-7r98o-lmn0fxhm6a7656,http://shopee.vn/product/251112545/22457267576,美妆保健,化妆品,IVCN2026011947892,166138361638,http://shopee.vn/product/251112545/22457267576,P1,03-18发布,166138361638,6.47,(可接受类似款，但白名单有限，先提先得）,1
2月化妆品热销第2批-Gogo Tales 25色眼影盘，正品国产商品 GT282,GT282-204,11.14,https://cf.shopee.vn/file/vn-11134207-7ras8-mdo532598sof88,http://shopee.vn/product/829390864/21129280613,美妆保健,化妆品,IVCN2026011947962,425360171607,http://shopee.vn/product/829390864/21129280613,P1,03-18发布,425360171607,11.14,100%同款,1
2月化妆品热销第2批-Kissme Heroine 睫毛膏 WP 6G 是一款超持久睫毛膏，可提升、卷翘并使睫毛浓密至最多 5 毫米。,Dài Mi-Cải tiến 8492,12,https://cf.shopee.vn/file/vn-11134207-820l4-mel93giujgg06b,http://shopee.vn/product/806808266/20428293083,美妆保健,化妆品,IVCN2026011947978,98285405550,http://shopee.vn/product/806808266/20428293083,P1,03-18发布,98285405550,12,(可接受类似款，但白名单有限，先提先得）,1
2月化妆品热销第2批-Kissme Heroine 睫毛膏 WP 6G 是一款超持久睫毛膏，可提升、卷翘并使睫毛浓密至最多 5 毫米。,Rậm Mi-Cải tiến 8522,13.71,https://cf.shopee.vn/file/vn-11134207-820l4-mel93giujgg06b,http://shopee.vn/product/806808266/20428293083,美妆保健,化妆品,IVCN2026011947978,98285405551,http://shopee.vn/product/806808266/20428293083,P1,03-18发布,98285405551,13.71,100%同款,1
2月化妆品热销第2批-【CLIO - 全新配色】专业易用 PRO 眼影盘 AIR - 0.6克 x 12,❤️MỚI❤️20 MAEHWA RIBBON,5.9,https://cf.shopee.vn/file/sg-11134207-825aw-mez0s902zev4e3,http://shopee.vn/product/462006215/19992178808,美妆保健,化妆品,IVCN2026011947985,306581150108,http://shopee.vn/product/462006215/19992178808,P1,03-18发布,306581150108,5.9,(可接受类似款，但白名单有限，先提先得）,1
2月化妆品热销第2批-【CLIO - 全新配色】专业易用 PRO 眼影盘 AIR - 0.6克 x 12,❤️MỚI❤️ 21 MOGAMJU LIBRARY,5.9,https://cf.shopee.vn/file/sg-11134207-825aw-mez0s902zev4e3,http://shopee.vn/product/462006215/19992178808,美妆保健,化妆品,IVCN2026011947985,306581150109,http://shopee.vn/product/462006215/19992178808,P1,03-18发布,306581150109,5.9,100%同款,1
2月化妆品热销第2批-O.TWO.O 睫毛膏 防水 纤长 36小时 持久卷翘 黑色眼妆睫毛膏 浓密提拉,O.TWO.O Mascara Waterproof Long Lash 36H Long Lasting Curling Black Eye Makeup Mascara Volume Lifting,8.1,https://cf.shopee.ph/file/cn-11134207-7r98o-lrvcbcd3egml40,http://shopee.ph/product/58413888/19477954270,美妆保健,化妆品,IVCN2026011948008,231422669209,http://shopee.ph/product/58413888/19477954270,P1,03-18发布,231422669209,8.1,(可接受类似款，但白名单有限，先提先得）,1
2月化妆品热销第2批-O.TWO.O 浓密睫毛膏 防水不晕染 卷翘睫毛 持久睫毛膏 眼妆,O.TWO.O Volume Mascara Waterproof Non-Smudging Curly Lashes Long Lasting Mascara Eye Makeup,10.66,https://cf.shopee.ph/file/cn-11134207-7qukw-lj0phke0u9a289,http://shopee.ph/product/58413888/19289796893,美妆保健,化妆品,IVCN2026011948012,235311599197,http://shopee.ph/product/58413888/19289796893,P1,03-18发布,235311599197,10.66,100%同款,1
2月化妆品热销第2批-IN2IT Pro-Lash 睫毛膏及底膏 PLM11,IN2IT Pro-Lash Mascara & Base PLM11,7.83,https://cf.shopee.com.my/file/sg-11134201-7rens-m2z2g37pucxy5f,http://shopee.com.my/product/21516516/18776084095,美妆保健,化妆品,IVCN2026011948016,137476576722,http://shopee.com.my/product/21516516/18776084095,P1,03-18发布,137476576722,7.83,(可接受类似款，但白名单有限，先提先得）,1
2月化妆品热销第2批-Nongchat Browit 我的日常睫毛膏 5.5g：超长、浓密、卷翘睫毛膏，防水持久。,"Chuốt Mi Nongchat Browit Siêu Tơi Dài Và Cong Mi, Kháng Nước Siêu Bền Mascara My Everyday 5.5g",8.92,https://cf.shopee.vn/file/sg-11134201-81ztd-mj30eoq3da8149,http://shopee.vn/product/89771749/18695207798,美妆保健,化妆品,IVCN2026011948018,147106548487,http://shopee.vn/product/89771749/18695207798,P1,03-18发布,147106548487,8.92,100%同款,1
2月化妆品热销第2批-FOCALLURE 液体眼线笔，防水，速干，0.6克 FA-200,FA-200 - Fuzz 2- Nâu,2.21,https://cf.shopee.vn/file/vn-11134207-820l4-mewcq1m5v6kgf8,http://shopee.vn/product/776074609/18667164676,美妆保健,化妆品,IVCN2026011948020,127228487724,http://shopee.vn/product/776074609/18667164676,P1,03-18发布,127228487724,2.21,(可接受类似款，但白名单有限，先提先得）,1
2月化妆品热销第2批-Pinkflash 2件套眼部彩妆套装，含Ohmywink防水睫毛膏和眼线笔,eyeliner+mascara,2.59,https://cf.shopee.ph/file/2da470c06ff30624c45b594ce8273bd2,http://shopee.ph/product/164074866/13703314108,美妆保健,化妆品,IVCN2026011948110,94706517918,http://shopee.ph/product/164074866/13703314108,P1,03-18发布,94706517918,2.59,100%同款,1
2月化妆品热销第2批-EB 专业眉笔（带扁平刷头）0.25克,Front Row,6.03,https://cf.shopee.ph/file/ph-11134207-81ztg-mj0p6yjdnymfaa,http://shopee.ph/product/78895515/13212458169,美妆保健,化妆品,IVCN2026011948120,102546083328,http://shopee.ph/product/78895515/13212458169,P1,03-18发布,102546083328,6.03,(可接受类似款，但白名单有限，先提先得）,1
2月化妆品热销第2批-Ever Bilena 丰盈卷翘睫毛膏 12克,Ever Bilena Volume Curl Mascara 12g,3.98,https://cf.shopee.ph/file/ph-11134207-7rash-m7hqg2fga4b92f,http://shopee.ph/product/78895515/12610233592,美妆保健,化妆品,IVCN2026011948122,47301420331,http://shopee.ph/product/78895515/12610233592,P1,03-18发布,47301420331,3.98,100%同款,1
2月化妆品热销第2批-JUDYDOLL 超细液体眼线笔 0.014mm - 超细、防晕染、持久、防水、速干、易于描绘下眼线，0.4克,#01 Màu đen,0.85,https://cf.shopee.vn/file/sg-11134201-8261f-mj5ebvsjiwhx9e,http://shopee.vn/product/341989119/11991139182,美妆保健,化妆品,IVCN2026011948130,161334063796,http://shopee.vn/product/341989119/11991139182,P1,03-18发布,161334063796,0.85,(可接受类似款，但白名单有限，先提先得）,1
2月化妆品热销第2批-JUDYDOLL 金属刷头睫毛膏。超级丰盈、纤长、卷翘定型、持久防水24小时。,[3g] #02 Nâu - 6° - Đầu cong,19.08,https://cf.shopee.vn/file/sg-11134201-8260t-mj5ebhj1emtc2b,http://shopee.vn/product/341989119/10158281345,美妆保健,化妆品,IVCN2026011948160,205567272824,http://shopee.vn/product/341989119/10158281345,P1,03-18发布,205567272824,19.08,100%同款,1
2月化妆品热销第2批-Shero 高级配方超强防水眼线液,01 Black X2,121.5,https://cf.shopee.com.my/file/my-11134207-7rasf-mcup81g89dc51b,http://shopee.com.my/product/462723093/10050924375,美妆保健,化妆品,IVCN2026011948162,188630389734,http://shopee.com.my/product/462723093/10050924375,P1,03-18发布,188630389734,121.5,(可接受类似款，但白名单有限，先提先得）,1
2月化妆品热销第2批-Browit 防水内眼线笔，顺滑纤细眼线笔 0.1克,#DEEP BROWN,6.55,https://cf.shopee.vn/file/sg-11134201-81zug-mj30e2ocaih2ae,http://shopee.vn/product/89771749/7250933081,美妆保健,化妆品,IVCN2026011948194,21805722924,http://shopee.vn/product/89771749/7250933081,P1,03-18发布,21805722924,6.55,100%同款,1
2月化妆品热销第2批-Browit 防水内眼线笔，顺滑纤细眼线笔 0.1克,#MIDNIGHT BLACK,8.04,https://cf.shopee.vn/file/sg-11134201-81zug-mj30e2ocaih2ae,http://shopee.vn/product/89771749/7250933081,美妆保健,化妆品,IVCN2026011948194,21805722925,http://shopee.vn/product/89771749/7250933081,P1,03-18发布,21805722925,8.04,(可接受类似款，但白名单有限，先提先得）,1
2月化妆品热销第2批-Browit 防水内眼线笔，顺滑纤细眼线笔 0.1克,#Almond Brown,9.18,https://cf.shopee.vn/file/sg-11134201-81zug-mj30e2ocaih2ae,http://shopee.vn/product/89771749/7250933081,美妆保健,化妆品,IVCN2026011948194,108957377978,http://shopee.vn/product/89771749/7250933081,P1,03-18发布,108957377978,9.18,100%同款,1
2月化妆品热销第2批-JUDYDOLL 7色眼影盘 8.5克 多功能珠光效果，超闪亮柔滑哑光妆效，易于晕染，持久显色，色彩饱满,17mới,8.64,https://cf.shopee.vn/file/sg-11134201-8260t-mj5ebntzim87b0,http://shopee.vn/product/341989119/6869216098,美妆保健,化妆品,IVCN2026011948198,151296783692,http://shopee.vn/product/341989119/6869216098,P1,03-18发布,151296783692,8.64,(可接受类似款，但白名单有限，先提先得）,1
2月化妆品热销第2批-JUDYDOLL 7色眼影盘 8.5克 多功能珠光效果，超闪亮柔滑哑光妆效，易于晕染，持久显色，色彩饱满,#26 Gỗ thô,8.29,https://cf.shopee.vn/file/sg-11134201-8260t-mj5ebntzim87b0,http://shopee.vn/product/341989119/6869216098,美妆保健,化妆品,IVCN2026011948198,231116632732,http://shopee.vn/product/341989119/6869216098,P1,03-18发布,231116632732,8.29,100%同款,1
2月化妆品热销第2批-FOCALLURE 液体眼线笔，防水速干，0.6克,#2,0.68,https://cf.shopee.vn/file/cn-11134207-820l4-mgowgqedfrwrb2,http://shopee.vn/product/182631756/6502613129,美妆保健,化妆品,IVCN2026011948203,70750199965,http://shopee.vn/product/182631756/6502613129,P1,03-18发布,70750199965,0.68,(可接受类似款，但白名单有限，先提先得）,1
2月化妆品热销第2批-ZEESEA 防水防晕染持久眼线笔 0.28克,#01 Đen,3.81,https://cf.shopee.vn/file/bd66472c8770eef482f70ffac63f7e5e,http://shopee.vn/product/251112545/6430148629,美妆保健,化妆品,IVCN2026011948205,16498946427,http://shopee.vn/product/251112545/6430148629,P1,03-18发布,16498946427,3.81,100%同款,1
2月化妆品热销第2批-Focallure 液体眼线笔，防水防晕染，20克,#1,0.79,https://cf.shopee.vn/file/cn-11134207-7qukw-liiklf601dh650,http://shopee.vn/product/182631756/5602613640,美妆保健,化妆品,IVCN2026011948215,8379392534,http://shopee.vn/product/182631756/5602613640,P1,03-18发布,8379392534,0.79,(可接受类似款，但白名单有限，先提先得）,1
2月化妆品热销第2批-STAGENIUS 双头防水持久眉笔,#01 Kaki,0.2,https://cf.shopee.vn/file/9711bf6395aef54fd43013b5920c4f7d,http://shopee.vn/product/324856601/5268640535,美妆保健,化妆品,IVCN2026011948222,90193194385,http://shopee.vn/product/324856601/5268640535,P1,03-18发布,90193194385,0.2,100%同款,1
2月化妆品热销第2批-KIMUSE 眉胶霜 防水眉毛海娜纹身色,#AUBURN,5.03,https://cf.shopee.ph/file/cn-11134207-7ras8-m77phx35aporfb,http://shopee.ph/product/160033468/2656891044,美妆保健,化妆品,IVCN2026011948255,6152686100,http://shopee.ph/product/160033468/2656891044,P1,03-18发布,6152686100,5.03,(可接受类似款，但白名单有限，先提先得）,1
2月化妆品热销第2批-KIMUSE 眉胶霜 防水眉毛海娜纹身色,#BLACK BROWN,5.21,https://cf.shopee.ph/file/cn-11134207-7ras8-m77phx35aporfb,http://shopee.ph/product/160033468/2656891044,美妆保健,化妆品,IVCN2026011948255,6152686101,http://shopee.ph/product/160033468/2656891044,P1,03-18发布,6152686101,5.21,100%同款,1
2月化妆品热销第2批-KIMUSE 眉胶霜 防水眉毛海娜纹身色,#BLONDE,6.57,https://cf.shopee.ph/file/cn-11134207-7ras8-m77phx35aporfb,http://shopee.ph/product/160033468/2656891044,美妆保健,化妆品,IVCN2026011948255,6152686102,http://shopee.ph/product/160033468/2656891044,P1,03-18发布,6152686102,6.57,(可接受类似款，但白名单有限，先提先得）,1
2月化妆品热销第2批-KIMUSE 眉胶霜 防水眉毛海娜纹身色,#BRUNETTE,5.03,https://cf.shopee.ph/file/cn-11134207-7ras8-m77phx35aporfb,http://shopee.ph/product/160033468/2656891044,美妆保健,化妆品,IVCN2026011948255,6152686103,http://shopee.ph/product/160033468/2656891044,P1,03-18发布,6152686103,5.03,100%同款,1
2月化妆品热销第2批-KIMUSE 眉胶霜 防水眉毛海娜纹身色眉笔 持久,#BLACK BROWN,5.21,https://cf.shopee.ph/file/cn-11134207-7ras8-m77pn9dlwj54de,http://shopee.ph/product/160033468/2390333275,美妆保健,化妆品,IVCN2026011948260,4885503828,http://shopee.ph/product/160033468/2390333275,P1,03-18发布,4885503828,5.21,(可接受类似款，但白名单有限，先提先得）,1
2月化妆品热销第2批-悦诗风吟纤细微睫膏 3.5g 是一款超细、防晕染的睫毛膏。,01 - Đen (Bản mới),14.5,https://cf.shopee.vn/file/sg-11134201-81zv8-mizqkh9rlds144,http://shopee.vn/product/155343961/2356520415,美妆保健,化妆品,IVCN2026011948262,4760353398,http://shopee.vn/product/155343961/2356520415,P1,03-18发布,4760353398,14.5,100%同款,1
2月化妆品热销第2批-SACE LADY 双油配方眉笔，持久显色，专业级，0.33克,03. Nâu đen🔥,1.2,https://cf.shopee.vn/file/cn-11134207-7r98o-lyuvbkjps96b64,http://shopee.vn/product/83766754/2335044080,美妆保健,化妆品,IVCN2026011948266,156762943901,http://shopee.vn/product/83766754/2335044080,P1,03-18发布,156762943901,1.2,(可接受类似款，但白名单有限，先提先得）,1
2月化妆品热销第2批-KISSME Heroine 顺滑液体眼线笔 超级持久（眼线笔，液体眼线笔，Heroine 眼线笔）,#01 Jet Black,1.89,https://cf.shopee.com.my/file/1bdaa1293b5f03497382c8af4cafa37b,http://shopee.com.my/product/134086100/2312659502,美妆保健,化妆品,IVCN2026011948268,4582532107,http://shopee.com.my/product/134086100/2312659502,P1,03-18发布,4582532107,1.89,100%同款,1
2月化妆品热销第2批-KISSME Heroine 顺滑液体眼线笔 超级持久（眼线笔，液体眼线笔，Heroine 眼线笔）,#03 Brown Black,2.01,https://cf.shopee.com.my/file/1bdaa1293b5f03497382c8af4cafa37b,http://shopee.com.my/product/134086100/2312659502,美妆保健,化妆品,IVCN2026011948268,4582532109,http://shopee.com.my/product/134086100/2312659502,P1,03-18发布,4582532109,2.01,(可接受类似款，但白名单有限，先提先得）,1
2月化妆品热销第2批-美宝莲极致卷翘易卸睫毛膏 - 18小时持久浓密卷翘睫毛，轻松卸除,"Maybelline Hypercurl Easy Wash Mascara - 18H Hyper-Volumized and Hyper-Curled Lashes, Easy Remove",9.06,https://cf.shopee.com.my/file/my-11134201-7ras9-maona90clodm7e,http://shopee.com.my/product/21656722/1228701550,美妆保健,化妆品,IVCN2026011948291,70442652315,http://shopee.com.my/product/21656722/1228701550,P1,03-18发布,70442652315,9.06,100%同款,1
2月化妆品热销第2批-FOCALLURE 持久防水眉胶 5 色 持久防水眉笔,#3 🔥,2.55,https://cf.shopee.com.my/file/cn-11134207-820l4-mj5fvayi6ebr3f,http://shopee.com.my/product/41977107/670951435,美妆保健,化妆品,IVCN2026011948302,511842603,http://shopee.com.my/product/41977107/670951435,P1,03-18发布,511842603,2.55,(可接受类似款，但白名单有限，先提先得）,1
2月化妆品热销第2批-IN2IT 防水眼影眉妆（共2种色号）03-ER,1,7.13,https://cf.shopee.ph/file/2596f655c3653f03ad49bc4acc30c3d3,http://shopee.ph/product/35469333/508674937,美妆保健,化妆品,IVCN2026011948304,26876426749,http://shopee.ph/product/35469333/508674937,P1,03-18发布,26876426749,7.13,100%同款,1
2月化妆品热销第2批-美宝莲防水卷翘睫毛膏（黑色）1支,MAYBELLINE Hypercurl Waterproof Mascara Black 1pc,3,https://cf.shopee.com.my/file/my-11134201-7ras8-maodd9qyv63ufd,http://shopee.com.my/product/21516516/298843001,美妆保健,化妆品,IVCN2026011948308,50353044199,http://shopee.com.my/product/21516516/298843001,P1,03-18发布,50353044199,3,(可接受类似款，但白名单有限，先提先得）,1
2月化妆品热销第2批-美宝莲时尚眉笔 - 12小时自然眉妆，持久不脱妆，耐热,DARK BROWN,4.5,https://cf.shopee.com.my/file/my-11134201-7rase-maonapesllbf1b,http://shopee.com.my/product/21656722/255606472,美妆保健,化妆品,IVCN2026011948312,166482327,http://shopee.com.my/product/21656722/255606472,P1,03-18发布,166482327,4.5,100%同款,1
